candidate_name,vote_percentage,votes,state,district,party,state_abbreviation,year,id,GEOID
Barry Moore,78.4,258619,Alabama,01,Republican,AL,2024,AL01,0101
Tom Holmes,21.5,70929,Alabama,01,Democrat,AL,2024,AL01,0101
Other/Write-in votes,0.1,306,Alabama,01,Other,AL,2024,AL01,0101
Shomari Figures,54.6,158041,Alabama,02,Democrat,AL,2024,AL02,0102
Caroleene Dobson,45.4,131414,Alabama,02,Republican,AL,2024,AL02,0102
Other/Write-in votes,0.1,219,Alabama,02,Other,AL,2024,AL02,0102
Mike Rogers,97.9,243848,Alabama,03,Republican,AL,2024,AL03,0103
Other/Write-in votes,2.1,5160,Alabama,03,Other,AL,2024,AL03,0103
Robert Aderholt,98.8,274498,Alabama,04,Republican,AL,2024,AL04,0104
Other/Write-in votes,1.2,3374,Alabama,04,Other,AL,2024,AL04,0104
Dale Strong,95.4,250322,Alabama,05,Republican,AL,2024,AL05,0105
Other/Write-in votes,4.6,12088,Alabama,05,Other,AL,2024,AL05,0105
Gary Palmer,70.3,243741,Alabama,06,Republican,AL,2024,AL06,0106
Elizabeth Anderson,29.6,102504,Alabama,06,Democrat,AL,2024,AL06,0106
Other/Write-in votes,0.1,380,Alabama,06,Other,AL,2024,AL06,0106
Terri Sewell,63.7,186723,Alabama,07,Democrat,AL,2024,AL07,0107
Robin Litaker,36.3,106312,Alabama,07,Republican,AL,2024,AL07,0107
Other/Write-in votes,0.1,185,Alabama,07,Other,AL,2024,AL07,0107
David Schweikert,51.9,225538,Arizona,01,Republican,AZ,2024,AZ01,0401
Amish Shah,48.1,208966,Arizona,01,Democrat,AZ,2024,AZ01,0401
Eli Crane,54.5,221413,Arizona,02,Republican,AZ,2024,AZ02,0402
Jonathan Nez,45.5,184963,Arizona,02,Democrat,AZ,2024,AZ02,0402
Richard Ester,0.0,28,Arizona,02,Independent,AZ,2024,AZ02,0402
David Alexander,0.0,22,Arizona,02,Democrat,AZ,2024,AZ02,0402
Charles Holt Jr.,0.0,5,Arizona,02,Independent,AZ,2024,AZ02,0402
Yassamin Ansari,70.9,143336,Arizona,03,Democrat,AZ,2024,AZ03,0403
Jeffrey Zink,26.6,53705,Arizona,03,Republican,AZ,2024,AZ03,0403
Alan Aversa,2.5,5008,Arizona,03,Green,AZ,2024,AZ03,0403
Candace Cunningham,0.0,16,Arizona,03,Green,AZ,2024,AZ03,0403
Greg Stanton,52.7,176428,Arizona,04,Democrat,AZ,2024,AZ04,0404
Kelly Cooper,45.5,152052,Arizona,04,Republican,AZ,2024,AZ04,0404
Vincent Beck-Jones,1.8,6065,Arizona,04,Green,AZ,2024,AZ04,0404
Andy Biggs,60.4,255628,Arizona,05,Republican,AZ,2024,AZ05,0405
Katrina Schaffner,39.6,167680,Arizona,05,Democrat,AZ,2024,AZ05,0405
Juan Ciscomani,50.0,215596,Arizona,06,Republican,AZ,2024,AZ06,0406
Kirsten Engel,47.5,204774,Arizona,06,Democrat,AZ,2024,AZ06,0406
Athena Eastwood,2.5,10759,Arizona,06,Green,AZ,2024,AZ06,0406
Luis Pozzolo,0.0,91,Arizona,06,Independent,AZ,2024,AZ06,0406
Raúl Grijalva,63.4,171954,Arizona,07,Democrat,AZ,2024,AZ07,0407
Daniel Butierez,36.6,99057,Arizona,07,Republican,AZ,2024,AZ07,0407
Abraham Hamadeh,56.5,208269,Arizona,08,Republican,AZ,2024,AZ08,0408
Gregory Whitten,43.5,160344,Arizona,08,Democrat,AZ,2024,AZ08,0408
Paul Gosar,65.3,249583,Arizona,09,Republican,AZ,2024,AZ09,0409
Quacy Smith,34.7,132640,Arizona,09,Democrat,AZ,2024,AZ09,0409
Rick Crawford,72.3,136924,Arkansas,01,Republican,AR,2024,AR01,0501
Rodney Govens,24.6,46562,Arkansas,01,Democrat,AR,2024,AR01,0501
Steven Gene Parsons,3.1,5911,Arkansas,01,Libertarian,AR,2024,AR01,0501
French Hill,59.3,178196,Arkansas,02,Republican,AR,2024,AR02,0502
Marcus Jones,40.7,122272,Arkansas,02,Democrat,AR,2024,AR02,0502
Steve Womack,63.9,148946,Arkansas,03,Republican,AR,2024,AR03,0503
Caitlin Draper Mattelin,32.1,74868,Arkansas,03,Democrat,AR,2024,AR03,0503
Bobby Wilson,4.0,9422,Arkansas,03,Libertarian,AR,2024,AR03,0503
Bruce Westerman,72.1,143017,Arkansas,04,Republican,AR,2024,AR04,0504
Risie Howard,27.9,55399,Arkansas,04,Democrat,AR,2024,AR04,0504
Doug LaMalfa,62.5,98955,California,01,Republican,CA,2024,CA01,0601
Rose Penelope Yee,37.5,59483,California,01,Democrat,CA,2024,CA01,0601
Jared Huffman,73.0,139540,California,02,Democrat,CA,2024,CA02,0602
Chris Coulombe,27.0,51642,California,02,Republican,CA,2024,CA02,0602
Kevin Kiley,57.5,148102,California,03,Republican,CA,2024,CA03,0603
Jessica Morse,42.5,109302,California,03,Democrat,CA,2024,CA03,0603
Mike Thompson,69.3,106032,California,04,Democrat,CA,2024,CA04,0604
John Munn,30.7,46919,California,04,Republican,CA,2024,CA04,0604
Tom McClintock,60.8,130844,California,05,Republican,CA,2024,CA05,0605
Mike Barkley,39.2,84510,California,05,Democrat,CA,2024,CA05,0605
Ami Bera,57.3,103067,California,06,Democrat,CA,2024,CA06,0606
Christine Bish,42.7,76908,California,06,Republican,CA,2024,CA06,0606
Doris Matsui,65.5,82568,California,07,Democrat,CA,2024,CA07,0607
Tom Silva,34.5,43582,California,07,Republican,CA,2024,CA07,0607
John Garamendi,75.4,102025,California,08,Democrat,CA,2024,CA08,0608
Rudy Recile,24.6,33207,California,08,Republican,CA,2024,CA08,0608
Josh Harder,51.9,123553,California,09,Democrat,CA,2024,CA09,0609
Kevin Lincoln II,48.1,114580,California,09,Republican,CA,2024,CA09,0609
Mark DeSaulnier,68.6,139928,California,10,Democrat,CA,2024,CA10,0610
Katherine Piccinini,31.4,64184,California,10,Republican,CA,2024,CA10,0610
Nancy Pelosi,81.5,134691,California,11,Democrat,CA,2024,CA11,0611
Bruce Lou,18.5,30613,California,11,Republican,CA,2024,CA11,0611
Lateefah Simon,63.6,82906,California,12,Democrat,CA,2024,CA12,0612
Jennifer Tran,36.4,47520,California,12,Democrat,CA,2024,CA12,0612
Adam Gray,50.0,105554,California,13,Democrat,CA,2024,CA13,0613
John Duarte,50.0,105367,California,13,Republican,CA,2024,CA13,0613
Eric Swalwell,63.8,59086,California,14,Democrat,CA,2024,CA14,0614
Vin Kruttiventi,36.2,33556,California,14,Republican,CA,2024,CA14,0614
Kevin Mullin,73.9,112690,California,15,Democrat,CA,2024,CA15,0615
Anna Cheng Kramer,26.1,39738,California,15,Republican,CA,2024,CA15,0615
Sam Liccardo,59.9,117905,California,16,Democrat,CA,2024,CA16,0616
Evan Low,40.1,79079,California,16,Democrat,CA,2024,CA16,0616
Ro Khanna,69.0,78514,California,17,Democrat,CA,2024,CA17,0617
Anita Chen,31.0,35227,California,17,Republican,CA,2024,CA17,0617
Zoe Lofgren,65.8,67229,California,18,Democrat,CA,2024,CA18,0618
Peter Hernandez,34.2,35008,California,18,Republican,CA,2024,CA18,0618
Jimmy Panetta,72.0,145237,California,19,Democrat,CA,2024,CA19,0619
Jason Anderson,28.0,56559,California,19,Republican,CA,2024,CA19,0619
Vince Fong,67.8,93057,California,20,Republican,CA,2024,CA20,0620
Mike Boudreaux,32.2,44182,California,20,Republican,CA,2024,CA20,0620
Jim Costa,52.3,94722,California,21,Democrat,CA,2024,CA21,0621
Michael Maher,47.7,86389,California,21,Republican,CA,2024,CA21,0621
David G. Valadao,53.5,75997,California,22,Republican,CA,2024,CA22,0622
Rudy Salas,46.5,66117,California,22,Democrat,CA,2024,CA22,0622
Jay Obernolte,57.6,70900,California,23,Republican,CA,2024,CA23,0623
Derek Marshall,42.4,52106,California,23,Democrat,CA,2024,CA23,0623
Salud Carbajal,63.3,128617,California,24,Democrat,CA,2024,CA24,0624
Thomas Cole,36.7,74474,California,24,Republican,CA,2024,CA24,0624
Raul Ruiz,56.3,81541,California,25,Democrat,CA,2024,CA25,0625
Ian Weeks,43.7,63222,California,25,Republican,CA,2024,CA25,0625
Julia Brownley,54.5,131292,California,26,Democrat,CA,2024,CA26,0626
Michael Koslow,45.5,109514,California,26,Republican,CA,2024,CA26,0626
George Whitesides,51.3,150307,California,27,Democrat,CA,2024,CA27,0627
Mike Garcia,48.7,142701,California,27,Republican,CA,2024,CA27,0627
Judy Chu,65.5,119142,California,28,Democrat,CA,2024,CA28,0628
April Verlato,34.5,62810,California,28,Republican,CA,2024,CA28,0628
Luz Maria Rivas,69.6,72274,California,29,Democrat,CA,2024,CA29,0629
Benito Bernal,30.4,31581,California,29,Republican,CA,2024,CA29,0629
Laura Friedman,68.6,124593,California,30,Democrat,CA,2024,CA30,0630
Alex Balekian,31.4,57157,California,30,Republican,CA,2024,CA30,0630
Gil Cisneros,57.0,101550,California,31,Democrat,CA,2024,CA31,0631
Daniel Martinez,43.0,76535,California,31,Republican,CA,2024,CA31,0631
Brad Sherman,66.4,130657,California,32,Democrat,CA,2024,CA32,0632
Larry Thompson,33.6,66196,California,32,Republican,CA,2024,CA32,0632
Pete Aguilar,58.7,61077,California,33,Democrat,CA,2024,CA33,0633
Tom Herman,41.3,42907,California,33,Republican,CA,2024,CA33,0633
Jimmy Gomez,56.5,71957,California,34,Democrat,CA,2024,CA34,0634
David Kim,43.5,55462,California,34,Democrat,CA,2024,CA34,0634
Norma Torres,56.8,72076,California,35,Democrat,CA,2024,CA35,0635
Mike Cargile,43.2,54760,California,35,Republican,CA,2024,CA35,0635
Ted Lieu,68.1,148976,California,36,Democrat,CA,2024,CA36,0636
Melissa Toomim,31.9,69669,California,36,Republican,CA,2024,CA36,0636
Sydney Kamlager-Dove,80.3,80516,California,37,Democrat,CA,2024,CA37,0637
Juan Rey,19.7,19758,California,37,Independent,CA,2024,CA37,0637
Linda Sánchez,57.3,117813,California,38,Democrat,CA,2024,CA38,0638
Eric Ching,42.7,87933,California,38,Republican,CA,2024,CA38,0638
Mark Takano,56.4,102830,California,39,Democrat,CA,2024,CA39,0639
David Serpa,43.6,79428,California,39,Republican,CA,2024,CA39,0639
Young Kim,56.4,168515,California,40,Republican,CA,2024,CA40,0640
Joe Kerr,43.6,130259,California,40,Democrat,CA,2024,CA40,0640
Ken Calvert,51.3,161202,California,41,Republican,CA,2024,CA41,0641
Will Rollins,48.7,153079,California,41,Democrat,CA,2024,CA41,0641
Robert Garcia,65.9,76245,California,42,Democrat,CA,2024,CA42,0642
John Briscoe,34.1,39523,California,42,Republican,CA,2024,CA42,0642
Maxine Waters,74.6,75305,California,43,Democrat,CA,2024,CA43,0643
Steve Williams,25.4,25664,California,43,Republican,CA,2024,CA43,0643
Nanette Barragán,69.5,79951,California,44,Democrat,CA,2024,CA44,0644
Roger Groh,30.5,35031,California,44,Republican,CA,2024,CA44,0644
Derek Tran,50.1,158104,California,45,Democrat,CA,2024,CA45,0645
Michelle Steel,49.9,157508,California,45,Republican,CA,2024,CA45,0645
Lou Correa,62.2,71573,California,46,Democrat,CA,2024,CA46,0646
David Pan,37.8,43579,California,46,Republican,CA,2024,CA46,0646
Dave Min,51.3,173069,California,47,Democrat,CA,2024,CA47,0647
Scott Baugh,48.7,164311,California,47,Republican,CA,2024,CA47,0647
Darrell Issa,59.8,132404,California,48,Republican,CA,2024,CA48,0648
Stephen Houlahan,40.2,88992,California,48,Democrat,CA,2024,CA48,0648
Mike Levin,52.0,181691,California,49,Democrat,CA,2024,CA49,0649
Matt Gunderson,48.0,167492,California,49,Republican,CA,2024,CA49,0649
Scott Peters,63.7,136738,California,50,Democrat,CA,2024,CA50,0650
Peter Bono,36.3,78026,California,50,Republican,CA,2024,CA50,0650
Sara Jacobs,58.9,122245,California,51,Democrat,CA,2024,CA51,0651
Bill Wells,41.1,85329,California,51,Republican,CA,2024,CA51,0651
Juan Vargas,64.8,87186,California,52,Democrat,CA,2024,CA52,0652
Justin Lee,35.2,47355,California,52,Republican,CA,2024,CA52,0652
Diana DeGette,78.2,174647,Colorado,01,Democrat,CO,2024,CO01,0801
Valdamar Archuleta,20.4,45497,Colorado,01,Republican,CO,2024,CO01,0801
Critter Milton,0.9,2046,Colorado,01,Unity,CO,2024,CO01,0801
Daniel Lutz,0.6,1266,Colorado,01,Approval Voting,CO,2024,CO01,0801
John R. Johnson,0.0,0,Colorado,01,Independent,CO,2024,CO01,0801
Charles Norris,0.0,0,Colorado,01,Democrat,CO,2024,CO01,0801
Joe Neguse,69.6,202249,Colorado,02,Democrat,CO,2024,CO02,0802
Marshall Dawson,28.5,82797,Colorado,02,Republican,CO,2024,CO02,0802
Gaylon Kent,0.9,2662,Colorado,02,Libertarian,CO,2024,CO02,0802
Cynthia Munhos de Aquino Sirianni,0.6,1853,Colorado,02,Unity,CO,2024,CO02,0802
Jan Kok,0.4,1230,Colorado,02,Approval Voting,CO,2024,CO02,0802
Mike Watson,0.0,0,Colorado,02,Independent,CO,2024,CO02,0802
Jeff Hurd,50.0,186134,Colorado,03,Republican,CO,2024,CO03,0803
Adam Frisch,46.9,174573,Colorado,03,Democrat,CO,2024,CO03,0803
James Wiley,2.5,9424,Colorado,03,Libertarian,CO,2024,CO03,0803
Adam Withrow,0.7,2459,Colorado,03,Unity,CO,2024,CO03,0803
Lauren Boebert,52.9,198668,Colorado,04,Republican,CO,2024,CO04,0804
Trisha Calvarese,43.2,162361,Colorado,04,Democrat,CO,2024,CO04,0804
Hannah Goodman,2.4,8865,Colorado,04,Libertarian,CO,2024,CO04,0804
Frank Atwood,1.3,4728,Colorado,04,Approval Voting,CO,2024,CO04,0804
Paul Fiorino,0.3,1060,Colorado,04,Unity,CO,2024,CO04,0804
Jeff Crank,54.8,134970,Colorado,05,Republican,CO,2024,CO05,0805
River Gassen,41.8,102937,Colorado,05,Democrat,CO,2024,CO05,0805
Michael Vance,1.3,3253,Colorado,05,Libertarian,CO,2024,CO05,0805
Joseph O. Gaye,0.9,2175,Colorado,05,Independent,CO,2024,CO05,0805
Christopher Mitchell,0.9,2132,Colorado,05,Constitution,CO,2024,CO05,0805
Christopher Sweat,0.3,846,Colorado,05,Forward,CO,2024,CO05,0805
Marcus Murphy,0.0,0,Colorado,05,Independent,CO,2024,CO05,0805
Jason Crow,59.5,139571,Colorado,06,Democrat,CO,2024,CO06,0806
John Fabbricatore,38.7,90681,Colorado,06,Republican,CO,2024,CO06,0806
John Kittleson,1.0,2318,Colorado,06,Libertarian,CO,2024,CO06,0806
Travis Nicks,0.9,2030,Colorado,06,Approval Voting,CO,2024,CO06,0806
Brad Nickle,0.0,0,Colorado,06,Independent,CO,2024,CO06,0806
Brittany Pettersen,57.3,204210,Colorado,07,Democrat,CO,2024,CO07,0807
Sergei Matveyuk,39.7,141678,Colorado,07,Republican,CO,2024,CO07,0807
Patrick Bohan,1.9,6817,Colorado,07,Libertarian,CO,2024,CO07,0807
Ron Tupa,1.1,3844,Colorado,07,Unity,CO,2024,CO07,0807
Patrick Flaherty,0.0,0,Colorado,07,Independent,CO,2024,CO07,0807
Gabe Evans,49.0,162232,Colorado,08,Republican,CO,2024,CO08,0808
Yadira Caraveo,48.2,159667,Colorado,08,Democrat,CO,2024,CO08,0808
Chris Baum,1.7,5703,Colorado,08,Approval Voting,CO,2024,CO08,0808
Susan Hall,1.1,3652,Colorado,08,Unity,CO,2024,CO08,0808
James Treibert,0.0,0,Colorado,08,Independent,CO,2024,CO08,0808
John Larson,61.7,75074,Connecticut,01,Democrat,CT,2024,CT01,0901
Jim Griffin,36.1,43944,Connecticut,01,Republican,CT,2024,CT01,0901
Mary L. Sanders,2.2,2616,Connecticut,01,Green,CT,2024,CT01,0901
Joe Courtney,56.0,128559,Connecticut,02,Democrat,CT,2024,CT02,0902
Mike France,44.0,101149,Connecticut,02,Republican,CT,2024,CT02,0902
Rosa L. DeLauro,54.9,118286,Connecticut,03,Democrat,CT,2024,CT03,0903
Michael Massey,45.1,97177,Connecticut,03,Republican,CT,2024,CT03,0903
Jim Himes,57.6,93946,Connecticut,04,Democrat,CT,2024,CT04,0904
Michael Goldstein,40.7,66252,Connecticut,04,Republican,CT,2024,CT04,0904
Benjamin Wesley,1.7,2780,Connecticut,04,Independent,CT,2024,CT04,0904
Jahana Hayes,53.0,158836,Connecticut,05,Democrat,CT,2024,CT05,0905
George Logan,47.0,140750,Connecticut,05,Republican,CT,2024,CT05,0905
Sarah McBride,57.9,287830,Delaware,00,Democrat,DE,2024,DE00,1000
John Whalen III,42.1,209606,Delaware,00,Republican,DE,2024,DE00,1000
Matt Gaetz,66.0,274108,Florida,01,Republican,FL,2024,FL01,1201
Gay Valimont,34.0,140980,Florida,01,Democrat,FL,2024,FL01,1201
Neal Dunn,61.6,247957,Florida,02,Republican,FL,2024,FL02,1202
Yen Bailey,38.4,154323,Florida,02,Democrat,FL,2024,FL02,1202
Kat Cammack,61.6,241174,Florida,03,Republican,FL,2024,FL03,1203
Tom Wells,38.4,150283,Florida,03,Democrat,FL,2024,FL03,1203
Aaron Bean,57.3,222364,Florida,04,Republican,FL,2024,FL04,1204
LaShonda Holloway,42.7,165912,Florida,04,Democrat,FL,2024,FL04,1204
Todd Schaefer,0.0,73,Florida,04,Independent,FL,2024,FL04,1204
John Rutherford,63.1,267471,Florida,05,Republican,FL,2024,FL05,1205
Jay McGovern,36.9,156570,Florida,05,Democrat,FL,2024,FL05,1205
Gary Koniz,0.0,23,Florida,05,Independent,FL,2024,FL05,1205
Michael Waltz,66.5,284414,Florida,06,Republican,FL,2024,FL06,1206
James Stockton,33.5,143050,Florida,06,Democrat,FL,2024,FL06,1206
Richard Dembinsky,0.0,10,Florida,06,Independent,FL,2024,FL06,1206
Cory Mills,56.5,233937,Florida,07,Republican,FL,2024,FL07,1207
Jennifer Adams,43.5,179917,Florida,07,Democrat,FL,2024,FL07,1207
Mike Haridopolos,62.2,280352,Florida,08,Republican,FL,2024,FL08,1208
Sandy Kennedy,37.8,170096,Florida,08,Democrat,FL,2024,FL08,1208
Darren Soto,55.1,178785,Florida,09,Democrat,FL,2024,FL09,1209
Thomas Chalifoux,42.6,138076,Florida,09,Republican,FL,2024,FL09,1209
Marcus Carter,2.3,7412,Florida,09,Independent,FL,2024,FL09,1209
Maxwell Alejandro Frost,62.4,181455,Florida,10,Democrat,FL,2024,FL10,1210
Willie Montague,37.6,109460,Florida,10,Republican,FL,2024,FL10,1210
Daniel Webster,60.4,269277,Florida,11,Republican,FL,2024,FL11,1211
Barbie Harden Hall,39.6,176726,Florida,11,Democrat,FL,2024,FL11,1211
Gus M. Bilirakis,71.0,306487,Florida,12,Republican,FL,2024,FL12,1212
Rock Aboujaoude Jr.,29.0,124949,Florida,12,Democrat,FL,2024,FL12,1212
Anna Paulina Luna,54.8,225636,Florida,13,Republican,FL,2024,FL13,1213
Whitney Fox,45.2,185930,Florida,13,Democrat,FL,2024,FL13,1213
Tony D'Arrigo,0.0,27,Florida,13,Independent,FL,2024,FL13,1213
Kathy Castor,56.9,199423,Florida,14,Democrat,FL,2024,FL14,1214
Robert Rochford,41.6,145643,Florida,14,Republican,FL,2024,FL14,1214
Christopher Bradley,0.7,2595,Florida,14,Independent,FL,2024,FL14,1214
Nathaniel Snyder,0.7,2524,Florida,14,Libertarian,FL,2024,FL14,1214
Laurel Lee,56.2,195334,Florida,15,Republican,FL,2024,FL15,1215
Pat Kemp,43.8,152361,Florida,15,Democrat,FL,2024,FL15,1215
Vern Buchanan,59.5,247516,Florida,16,Republican,FL,2024,FL16,1216
Jan Schneider,40.5,168625,Florida,16,Democrat,FL,2024,FL16,1216
Greg Steube,63.9,291347,Florida,17,Republican,FL,2024,FL17,1217
Manny Lopez,36.1,164566,Florida,17,Democrat,FL,2024,FL17,1217
Ralph E. Hartman,0.0,8,Florida,17,Independent,FL,2024,FL17,1217
Scott Franklin,65.3,225170,Florida,18,Republican,FL,2024,FL18,1218
Andrea Doria Kale,34.7,119637,Florida,18,Democrat,FL,2024,FL18,1218
Byron Donalds,66.3,275708,Florida,19,Republican,FL,2024,FL19,1219
Kari Lerner,33.7,140038,Florida,19,Democrat,FL,2024,FL19,1219
Brian Mast,61.8,277435,Florida,21,Republican,FL,2024,FL21,1221
Thomas Witkop,38.2,171312,Florida,21,Democrat,FL,2024,FL21,1221
Elizabeth Felton,0.0,19,Florida,21,Independent,FL,2024,FL21,1221
Lois Frankel,55.0,201608,Florida,22,Democrat,FL,2024,FL22,1222
Dan Franzese,45.0,165248,Florida,22,Republican,FL,2024,FL22,1222
Jared Evan Moskowitz,52.4,196311,Florida,23,Democrat,FL,2024,FL23,1223
Joe Kaufman,47.6,178006,Florida,23,Republican,FL,2024,FL23,1223
Frederica S. Wilson,68.2,194874,Florida,24,Democrat,FL,2024,FL24,1224
Jesus Navarro,31.8,90692,Florida,24,Republican,FL,2024,FL24,1224
Lavern Spicer,0.0,22,Florida,24,Independent,FL,2024,FL24,1224
Debbie Wasserman Schultz,54.5,186942,Florida,25,Democrat,FL,2024,FL25,1225
Christopher Eddy,45.5,156208,Florida,25,Republican,FL,2024,FL25,1225
Ed Goldfarb,0.0,41,Florida,25,Independent,FL,2024,FL25,1225
Mario Diaz-Balart,70.9,217199,Florida,26,Republican,FL,2024,FL26,1226
Joey David Atkins,29.1,89072,Florida,26,Democrat,FL,2024,FL26,1226
Maria Elvira Salazar,60.4,199159,Florida,27,Republican,FL,2024,FL27,1227
Lucia Baez-Geller,39.6,130708,Florida,27,Democrat,FL,2024,FL27,1227
Carlos Gimenez,64.6,210057,Florida,28,Republican,FL,2024,FL28,1228
Phil Ehr,35.4,115280,Florida,28,Democrat,FL,2024,FL28,1228
Earl Carter,62.0,220576,Georgia,01,Republican,GA,2024,GA01,1301
Patti Hewitt,38.0,135281,Georgia,01,Democrat,GA,2024,GA01,1301
Sanford Bishop Jr.,56.3,176028,Georgia,02,Democrat,GA,2024,GA02,1302
A. Wayne Johnson,43.7,136473,Georgia,02,Republican,GA,2024,GA02,1302
Brian Jack,66.3,273036,Georgia,03,Republican,GA,2024,GA03,1303
Maura Keller,33.7,138749,Georgia,03,Democrat,GA,2024,GA03,1303
Hank Johnson,75.6,229290,Georgia,04,Democrat,GA,2024,GA04,1304
Eugene Yu,24.4,74071,Georgia,04,Republican,GA,2024,GA04,1304
Nikema Williams,85.7,294470,Georgia,05,Democrat,GA,2024,GA05,1305
John Salvesen,14.3,49221,Georgia,05,Republican,GA,2024,GA05,1305
Lucy McBath,74.7,277027,Georgia,06,Democrat,GA,2024,GA06,1306
Jeff Criswell,25.3,93909,Georgia,06,Republican,GA,2024,GA06,1306
Elfreda Desvignes,0.0,45,Georgia,06,Democrat,GA,2024,GA06,1306
Rich McCormick,64.9,275907,Georgia,07,Republican,GA,2024,GA07,1307
Bob Christian,35.1,149535,Georgia,07,Democrat,GA,2024,GA07,1307
Austin Scott,68.9,231547,Georgia,08,Republican,GA,2024,GA08,1308
Darrius Butler,31.1,104434,Georgia,08,Democrat,GA,2024,GA08,1308
Andrew Clyde,69.0,271062,Georgia,09,Republican,GA,2024,GA09,1309
Tambrei Cash,31.0,121754,Georgia,09,Democrat,GA,2024,GA09,1309
Mike Collins,63.1,256442,Georgia,10,Republican,GA,2024,GA10,1310
Lexy Doherty,36.9,150274,Georgia,10,Democrat,GA,2024,GA10,1310
Barry Loudermilk,65.6,269849,Georgia,11,Republican,GA,2024,GA11,1311
Katy Stamper,31.9,131064,Georgia,11,Democrat,GA,2024,GA11,1311
Tracey Verhoeven,2.5,10226,Georgia,11,Democrat,GA,2024,GA11,1311
Rick Allen,60.3,205849,Georgia,12,Republican,GA,2024,GA12,1312
Liz Johnson,39.7,135417,Georgia,12,Democrat,GA,2024,GA12,1312
David Scott,71.8,256902,Georgia,13,Democrat,GA,2024,GA13,1313
Jonathan Chavez,28.2,100730,Georgia,13,Republican,GA,2024,GA13,1313
Marjorie Taylor Greene,64.4,243446,Georgia,14,Republican,GA,2024,GA14,1314
Shawn Harris,35.6,134759,Georgia,14,Democrat,GA,2024,GA14,1314
Ed Case,71.8,164237,Hawaii,01,Democrat,HI,2024,HI01,1501
Patrick Largey,28.2,64373,Hawaii,01,Republican,HI,2024,HI01,1501
Jill Tokuda,66.5,166251,Hawaii,02,Democrat,HI,2024,HI02,1502
Steven Bond,30.2,75471,Hawaii,02,Republican,HI,2024,HI02,1502
Aaron Toman,1.8,4497,Hawaii,02,Libertarian,HI,2024,HI02,1502
Randall Meyer,1.6,3937,Hawaii,02,Independent,HI,2024,HI02,1502
Russ Fulcher,71.0,331049,Idaho,01,Republican,ID,2024,ID01,1601
Kaylee Peterson,25.4,118656,Idaho,01,Democrat,ID,2024,ID01,1601
Matt Loesby,2.1,9594,Idaho,01,Libertarian,ID,2024,ID01,1601
Brendan Gomez,1.5,6933,Idaho,01,Constitution,ID,2024,ID01,1601
Margot Dupre,0.0,0,Idaho,01,Independent,ID,2024,ID01,1601
David Bot,0.0,0,Idaho,01,Independent,ID,2024,ID01,1601
Michael K. Simpson,61.4,250119,Idaho,02,Republican,ID,2024,ID02,1602
David Roth,31.0,126229,Idaho,02,Democrat,ID,2024,ID02,1602
Todd Corsetti,5.2,21310,Idaho,02,Libertarian,ID,2024,ID02,1602
Idaho Law,2.4,9804,Idaho,02,Constitution,ID,2024,ID02,1602
Jonathan Jackson,63.0,118629,Illinois,01,Democrat,IL,2024,IL01,1701
Marcus Lewis,37.0,69710,Illinois,01,Republican,IL,2024,IL01,1701
Robin Kelly,75.7,139928,Illinois,02,Democrat,IL,2024,IL02,1702
Ashley Ramos,24.3,45007,Illinois,02,Republican,IL,2024,IL02,1702
Mike Vick,0.0,0,Illinois,02,Independent,IL,2024,IL02,1702
Delia Ramirez,63.6,114490,Illinois,03,Democrat,IL,2024,IL03,1703
John Booras,36.4,65549,Illinois,03,Republican,IL,2024,IL03,1703
Angel Oakley,0.0,0,Illinois,03,Independent,IL,2024,IL03,1703
Jesus Garcia,66.1,98534,Illinois,04,Democrat,IL,2024,IL04,1704
Lupe Castillo,28.9,42995,Illinois,04,Republican,IL,2024,IL04,1704
Ed Hershey,5.0,7456,Illinois,04,Working Families Party,IL,2024,IL04,1704
Alicia Martinez,0.0,0,Illinois,04,Independent,IL,2024,IL04,1704
Mike Quigley,69.0,251025,Illinois,05,Democrat,IL,2024,IL05,1705
Tom Hanson,31.0,112931,Illinois,05,Republican,IL,2024,IL05,1705
Frank Rowder,0.0,9,Illinois,05,Independent,IL,2024,IL05,1705
Sean Casten,53.4,185085,Illinois,06,Democrat,IL,2024,IL06,1706
Niki Conforti,46.6,161200,Illinois,06,Republican,IL,2024,IL06,1706
Peter Meyer Jr.,0.0,0,Illinois,06,Independent,IL,2024,IL06,1706
Danny K. Davis,81.6,145110,Illinois,07,Democrat,IL,2024,IL07,1707
Chad Koppie,18.4,32649,Illinois,07,Republican,IL,2024,IL07,1707
Lowell Seida,0.0,0,Illinois,07,Independent,IL,2024,IL07,1707
Lien Choi,0.0,0,Illinois,07,Independent,IL,2024,IL07,1707
Raja Krishnamoorthi,56.3,163717,Illinois,08,Democrat,IL,2024,IL08,1708
Mark Rice,43.7,127134,Illinois,08,Republican,IL,2024,IL08,1708
Jan Schakowsky,66.7,203552,Illinois,09,Democrat,IL,2024,IL09,1709
Seth Alan Cohen,33.3,101504,Illinois,09,Republican,IL,2024,IL09,1709
Brad Schneider,60.0,174687,Illinois,10,Democrat,IL,2024,IL10,1710
Jim Carris,40.0,116398,Illinois,10,Republican,IL,2024,IL10,1710
Joseph Severino,0.0,0,Illinois,10,Independent,IL,2024,IL10,1710
Bill Foster,56.6,177066,Illinois,11,Democrat,IL,2024,IL11,1711
Jerry Evans,43.4,135995,Illinois,11,Republican,IL,2024,IL11,1711
Anna Schiefelbein,0.0,0,Illinois,11,Independent,IL,2024,IL11,1711
Mike Bost,74.2,163579,Illinois,12,Republican,IL,2024,IL12,1712
Brian Roberts,25.8,56788,Illinois,12,Democrat,IL,2024,IL12,1712
Nikki Budzinski,57.6,181552,Illinois,13,Democrat,IL,2024,IL13,1713
Joshua Loyd,42.4,133871,Illinois,13,Republican,IL,2024,IL13,1713
Bradley Horges Jr.,0.0,0,Illinois,13,Independent,IL,2024,IL13,1713
Lauren Underwood,54.8,178878,Illinois,14,Democrat,IL,2024,IL14,1714
James Marter,45.2,147491,Illinois,14,Republican,IL,2024,IL14,1714
Mary Miller,100.0,308825,Illinois,15,Republican,IL,2024,IL15,1715
Darin LaHood,100.0,310925,Illinois,16,Republican,IL,2024,IL16,1716
Eric Sorensen,53.8,155811,Illinois,17,Democrat,IL,2024,IL17,1717
Joseph G. McGraw,46.2,134003,Illinois,17,Republican,IL,2024,IL17,1717
Frank Mrvan,54.0,147234,Indiana,01,Democrat,IN,2024,IN01,1801
Randell Niemeyer,44.3,120809,Indiana,01,Republican,IN,2024,IN01,1801
Dakotah Miskus,1.7,4664,Indiana,01,Libertarian,IN,2024,IN01,1801
Rudy Yakym,62.3,153721,Indiana,02,Republican,IN,2024,IN02,1802
Lori A. Camp,35.0,86409,Indiana,02,Democrat,IN,2024,IN02,1802
William Henry,2.7,6767,Indiana,02,Libertarian,IN,2024,IN02,1802
Mike Hubbard,0.0,0,Indiana,02,Independent,IN,2024,IN02,1802
Marlin A. Stutzman,65.0,177103,Indiana,03,Republican,IN,2024,IN03,1803
Kiley Adolph,31.5,85650,Indiana,03,Democrat,IN,2024,IN03,1803
Jarrad Lancaster,3.5,9528,Indiana,03,Libertarian,IN,2024,IN03,1803
Jim Baird,65.4,204066,Indiana,04,Republican,IN,2024,IN04,1804
Derrick Holder,30.5,95097,Indiana,04,Democrat,IN,2024,IN04,1804
Ashley Groff,4.1,12652,Indiana,04,Libertarian,IN,2024,IN04,1804
Victoria Spartz,55.8,150537,Indiana,05,Republican,IN,2024,IN05,1805
Deborah A. Pickett,39.0,105159,Indiana,05,Democrat,IN,2024,IN05,1805
Robby Slaughter,2.6,6990,Indiana,05,Independent,IN,2024,IN05,1805
Lauri Shillings,2.6,6900,Indiana,05,Libertarian,IN,2024,IN05,1805
Jefferson Shreve,65.8,110225,Indiana,06,Republican,IN,2024,IN06,1806
Cynthia Wirth,29.8,49961,Indiana,06,Democrat,IN,2024,IN06,1806
James Sceniak,4.3,7234,Indiana,06,Libertarian,IN,2024,IN06,1806
André Carson,68.2,167904,Indiana,07,Democrat,IN,2024,IN07,1807
John Schmitz,29.0,71372,Indiana,07,Republican,IN,2024,IN07,1807
Rusty Johnson,2.8,6887,Indiana,07,Libertarian,IN,2024,IN07,1807
Mark Messmer,69.9,130301,Indiana,08,Republican,IN,2024,IN08,1808
Erik Hurt,27.3,50943,Indiana,08,Democrat,IN,2024,IN08,1808
K. Richard Fitzlaff,2.7,5107,Indiana,08,Libertarian,IN,2024,IN08,1808
Erin Houchin,65.1,160311,Indiana,09,Republican,IN,2024,IN09,1809
Timothy Peck,32.3,79519,Indiana,09,Democrat,IN,2024,IN09,1809
Russell Brooksbank,2.7,6551,Indiana,09,Libertarian,IN,2024,IN09,1809
Mariannette Miller-Meeks,50.0,206955,Iowa,01,Republican,IA,2024,IA01,1901
Christina Bohannan,49.8,206156,Iowa,01,Democrat,IA,2024,IA01,1901
Nicholas Gluba,0.0,0,Iowa,01,Libertarian,IA,2024,IA01,1901
Other/Write-in votes,0.2,967,Iowa,01,Other,IA,2024,IA01,1901
Ashley Hinson,57.1,233340,Iowa,02,Republican,IA,2024,IA02,1902
Sarah Corkery,41.5,169740,Iowa,02,Democrat,IA,2024,IA02,1902
Jody Madlom Puffett,1.3,5381,Iowa,02,Independent,IA,2024,IA02,1902
Other/Write-in votes,0.1,341,Iowa,02,Other,IA,2024,IA02,1902
Zach Nunn,51.8,213746,Iowa,03,Republican,IA,2024,IA03,1903
Lanon Baccam,47.9,197962,Iowa,03,Democrat,IA,2024,IA03,1903
Marco Battaglia,0.0,0,Iowa,03,Libertarian,IA,2024,IA03,1903
Other/Write-in votes,0.3,1197,Iowa,03,Other,IA,2024,IA03,1903
Randy Feenstra,67.0,250522,Iowa,04,Republican,IA,2024,IA04,1904
Ryan Melton,32.7,122175,Iowa,04,Democrat,IA,2024,IA04,1904
Charles Aldrich,0.0,0,Iowa,04,Libertarian,IA,2024,IA04,1904
Other/Write-in votes,0.3,1127,Iowa,04,Other,IA,2024,IA04,1904
Tracey Mann,69.1,210493,Kansas,01,Republican,KS,2024,KS01,2001
Paul Buskirk,30.9,93965,Kansas,01,Democrat,KS,2024,KS01,2001
Derek Schmidt,57.1,172847,Kansas,02,Republican,KS,2024,KS02,2002
Nancy Boyda,38.2,115685,Kansas,02,Democrat,KS,2024,KS02,2002
John Hauer,4.7,14229,Kansas,02,Libertarian,KS,2024,KS02,2002
Sharice Davids,53.4,209871,Kansas,03,Democrat,KS,2024,KS03,2003
Prasanth Reddy,42.6,167570,Kansas,03,Republican,KS,2024,KS03,2003
Steve Roberts,4.0,15892,Kansas,03,Libertarian,KS,2024,KS03,2003
Ron Estes,65.0,198465,Kansas,04,Republican,KS,2024,KS04,2004
Esau Freeman,35.0,106632,Kansas,04,Democrat,KS,2024,KS04,2004
James Comer Jr.,74.7,252534,Kentucky,01,Republican,KY,2024,KY01,2101
Erin Marshall,25.3,85494,Kentucky,01,Democrat,KY,2024,KY01,2101
Brett Guthrie,73.1,252826,Kentucky,02,Republican,KY,2024,KY02,2102
Hank Linderman,26.9,93029,Kentucky,02,Democrat,KY,2024,KY02,2102
Morgan McGarvey,61.9,203100,Kentucky,03,Democrat,KY,2024,KY03,2103
Mike Craven,38.0,124713,Kentucky,03,Republican,KY,2024,KY03,2103
Daniel Cobble,0.0,27,Kentucky,03,Independent,KY,2024,KY03,2103
Jared Randall,0.0,24,Kentucky,03,Democrat,KY,2024,KY03,2103
Thomas Massie,99.6,278386,Kentucky,04,Republican,KY,2024,KY04,2104
Benjamin Middendorf,0.4,1131,Kentucky,04,Independent,KY,2024,KY04,2104
Hal Rogers,100.0,261407,Kentucky,05,Republican,KY,2024,KY05,2105
Andy Barr,63.4,220883,Kentucky,06,Republican,KY,2024,KY06,2106
Randy Cravens,36.6,127536,Kentucky,06,Democrat,KY,2024,KY06,2106
Steve Scalise,66.8,238842,Louisiana,01,Republican,LA,2024,LA01,2201
Mel Manuel,24.0,85911,Louisiana,01,Democrat,LA,2024,LA01,2201
Randall Arrington,5.0,17856,Louisiana,01,Republican,LA,2024,LA01,2201
Ross Shales,2.3,8330,Louisiana,01,Republican,LA,2024,LA01,2201
Frankie Hyers,1.9,6781,Louisiana,01,Independent,LA,2024,LA01,2201
Troy Carter,60.3,184009,Louisiana,02,Democrat,LA,2024,LA02,2202
Christy Lynch,13.6,41641,Louisiana,02,Republican,LA,2024,LA02,2202
Devin Lance Graham,12.8,39174,Louisiana,02,Republican,LA,2024,LA02,2202
Devin Davis,10.6,32482,Louisiana,02,Democrat,LA,2024,LA02,2202
Shondrell Perrilloux,2.6,7878,Louisiana,02,Republican,LA,2024,LA02,2202
Clay Higgins,70.6,226279,Louisiana,03,Republican,LA,2024,LA03,2203
Priscilla Gonzalez,18.7,59834,Louisiana,03,Democrat,LA,2024,LA03,2203
Sadi Summerlin,6.6,21323,Louisiana,03,Democrat,LA,2024,LA03,2203
Xan John,4.1,13246,Louisiana,03,Republican,LA,2024,LA03,2203
Mike Johnson,85.8,262821,Louisiana,04,Republican,LA,2024,LA04,2204
Joshua Morott,14.2,43427,Louisiana,04,Republican,LA,2024,LA04,2204
Julia Letlow,62.9,201037,Louisiana,05,Republican,LA,2024,LA05,2205
Michael Vallien Jr.,25.9,82981,Louisiana,05,Democrat,LA,2024,LA05,2205
M.V. Mendoza,11.2,35833,Louisiana,05,Republican,LA,2024,LA05,2205
Cleo Fields,50.8,150323,Louisiana,06,Democrat,LA,2024,LA06,2206
Elbert Guillory,37.7,111737,Louisiana,06,Republican,LA,2024,LA06,2206
Quentin Anthony Anderson,8.0,23811,Louisiana,06,Democrat,LA,2024,LA06,2206
Peter Williams,2.1,6252,Louisiana,06,Democrat,LA,2024,LA06,2206
Wilken Jones Jr.,1.3,3910,Louisiana,06,Democrat,LA,2024,LA06,2206
Andrew Harris,62.8,221368,Maryland,01,Republican,MD,2024,MD01,2401
Blane Miller III,34.0,119958,Maryland,01,Democrat,MD,2024,MD01,2401
Joshua O'Brien,3.1,11053,Maryland,01,Libertarian,MD,2024,MD01,2401
John Olszewski Jr.,55.2,161959,Maryland,02,Democrat,MD,2024,MD02,2402
Kim Klacik,42.8,125576,Maryland,02,Republican,MD,2024,MD02,2402
Jasen Wunder,2.1,6050,Maryland,02,Libertarian,MD,2024,MD02,2402
Sarah Elfreth,58.9,174739,Maryland,03,Democrat,MD,2024,MD03,2403
Rob Steinberger,38.6,114410,Maryland,03,Republican,MD,2024,MD03,2403
Miguel Barajas,2.5,7409,Maryland,03,Libertarian,MD,2024,MD03,2403
Glenn Ivey,88.2,171578,Maryland,04,Democrat,MD,2024,MD04,2404
George McDermott,11.8,23035,Maryland,04,Republican,MD,2024,MD04,2404
Steny Hoyer,66.1,213401,Maryland,05,Democrat,MD,2024,MD05,2405
Michelle Talkington,33.9,109638,Maryland,05,Republican,MD,2024,MD05,2405
April McClain-Delaney,52.1,182891,Maryland,06,Democrat,MD,2024,MD06,2406
Neil Parrott,47.9,168220,Maryland,06,Republican,MD,2024,MD06,2406
Kweisi Mfume,79.4,157395,Maryland,07,Democrat,MD,2024,MD07,2407
Scott Collier,18.2,36130,Maryland,07,Republican,MD,2024,MD07,2407
Ronald Owens-Bey,2.4,4664,Maryland,07,Libertarian,MD,2024,MD07,2407
Jamie Raskin,76.4,204151,Maryland,08,Democrat,MD,2024,MD08,2408
Cheryl Riley,21.3,57049,Maryland,08,Republican,MD,2024,MD08,2408
Nancy Wallace,2.3,6118,Maryland,08,Green,MD,2024,MD08,2408
Richard Neal,62.4,223325,Massachusetts,01,Democrat,MA,2024,MA01,2501
Nadia Milleron,37.3,133552,Massachusetts,01,Independent,MA,2024,MA01,2501
Other/Write-in votes,0.3,1181,Massachusetts,01,Other,MA,2024,MA01,2501
Jim McGovern,68.6,251441,Massachusetts,02,Democrat,MA,2024,MA02,2502
Cornelius Shea,31.1,114065,Massachusetts,02,Independent,MA,2024,MA02,2502
Other/Write-in votes,0.2,822,Massachusetts,02,Other,MA,2024,MA02,2502
Lori Trahan,97.5,264698,Massachusetts,03,Democrat,MA,2024,MA03,2503
Other/Write-in votes,2.5,6861,Massachusetts,03,Other,MA,2024,MA03,2503
Jake Auchincloss,97.4,289374,Massachusetts,04,Democrat,MA,2024,MA04,2504
Other/Write-in votes,2.6,7805,Massachusetts,04,Other,MA,2024,MA04,2504
Katherine Clark,98.2,286689,Massachusetts,05,Democrat,MA,2024,MA05,2505
Other/Write-in votes,1.8,5201,Massachusetts,05,Other,MA,2024,MA05,2505
Seth Moulton,97.8,321186,Massachusetts,06,Democrat,MA,2024,MA06,2506
Other/Write-in votes,2.2,7191,Massachusetts,06,Other,MA,2024,MA06,2506
Ayanna Pressley,97.1,232094,Massachusetts,07,Democrat,MA,2024,MA07,2507
Other/Write-in votes,2.9,6907,Massachusetts,07,Other,MA,2024,MA07,2507
Stephen Lynch,70.4,265432,Massachusetts,08,Democrat,MA,2024,MA08,2508
Robert Burke,29.4,110638,Massachusetts,08,Republican,MA,2024,MA08,2508
Other/Write-in votes,0.2,760,Massachusetts,08,Other,MA,2024,MA08,2508
Bill Keating,56.4,251931,Massachusetts,09,Democrat,MA,2024,MA09,2509
Dan Sullivan,43.4,193822,Massachusetts,09,Republican,MA,2024,MA09,2509
Other/Write-in votes,0.1,642,Massachusetts,09,Other,MA,2024,MA09,2509
Jack Bergman,59.2,282264,Michigan,01,Republican,MI,2024,MI01,2601
Callie Barr,37.9,180937,Michigan,01,Democrat,MI,2024,MI01,2601
Liz Hakola,1.8,8497,Michigan,01,Working Families Party,MI,2024,MI01,2601
Andrew Gale,1.1,5486,Michigan,01,Libertarian,MI,2024,MI01,2601
John Moolenaar,65.1,279167,Michigan,02,Republican,MI,2024,MI02,2602
Michael Lynch,31.7,135824,Michigan,02,Democrat,MI,2024,MI02,2602
Ben DeJong,1.6,7037,Michigan,02,Libertarian,MI,2024,MI02,2602
Scott Adams,1.5,6522,Michigan,02,U.S. Taxpayers,MI,2024,MI02,2602
Hillary Scholten,53.7,225510,Michigan,03,Democrat,MI,2024,MI03,2603
Paul Hudson,43.8,183952,Michigan,03,Republican,MI,2024,MI03,2603
Louis Palus,1.3,5546,Michigan,03,Working Families Party,MI,2024,MI03,2603
Alexander Avery,1.3,5281,Michigan,03,Libertarian,MI,2024,MI03,2603
Bill Huizenga,55.1,234489,Michigan,04,Republican,MI,2024,MI04,2604
Jessica Swartz,43.4,184641,Michigan,04,Democrat,MI,2024,MI04,2604
Curtis Clark,1.6,6687,Michigan,04,U.S. Taxpayers,MI,2024,MI04,2604
Tim Walberg,65.7,269215,Michigan,05,Republican,MI,2024,MI05,2605
Libbi Urban,32.8,134282,Michigan,05,Democrat,MI,2024,MI05,2605
James Bronke,1.6,6379,Michigan,05,Green,MI,2024,MI05,2605
Debbie Dingell,62.0,281162,Michigan,06,Democrat,MI,2024,MI06,2606
Heather Smiley,35.0,158658,Michigan,06,Republican,MI,2024,MI06,2606
Clyde Shabazz,1.8,7963,Michigan,06,Green,MI,2024,MI06,2606
Bill Krebaum,1.2,5523,Michigan,06,Libertarian,MI,2024,MI06,2606
Tom Barrett,50.3,226722,Michigan,07,Republican,MI,2024,MI07,2607
Curtis Hertel,46.6,209959,Michigan,07,Democrat,MI,2024,MI07,2607
L. Rachel Dailey,3.2,14231,Michigan,07,Libertarian,MI,2024,MI07,2607
Kristen McDonald Rivet,51.3,217490,Michigan,08,Democrat,MI,2024,MI08,2608
Paul Junge,44.6,189317,Michigan,08,Republican,MI,2024,MI08,2608
Kathy Goodwin,2.0,8492,Michigan,08,Working Families Party,MI,2024,MI08,2608
Steve Barcelo,1.1,4768,Michigan,08,Libertarian,MI,2024,MI08,2608
James Little,0.6,2681,Michigan,08,U.S. Taxpayers,MI,2024,MI08,2608
Jim Casha,0.4,1602,Michigan,08,Green,MI,2024,MI08,2608
Lisa McClain,66.8,312593,Michigan,09,Republican,MI,2024,MI09,2609
Clinton St. Mosley,29.5,138138,Michigan,09,Democrat,MI,2024,MI09,2609
Jim Walkowicz,2.6,12169,Michigan,09,Working Families Party,MI,2024,MI09,2609
Kevin Vayko,1.1,5338,Michigan,09,Libertarian,MI,2024,MI09,2609
John James,51.1,217437,Michigan,10,Republican,MI,2024,MI10,2610
Carl Marlinga,45.0,191363,Michigan,10,Democrat,MI,2024,MI10,2610
Andrea Kirby,2.6,11162,Michigan,10,Working Families Party,MI,2024,MI10,2610
Mike Saliba,1.3,5339,Michigan,10,Libertarian,MI,2024,MI10,2610
Haley Stevens,58.2,260780,Michigan,11,Democrat,MI,2024,MI11,2611
Nick Somberg,39.6,177432,Michigan,11,Republican,MI,2024,MI11,2611
Douglas Campbell,2.2,9713,Michigan,11,Green,MI,2024,MI11,2611
Rashida Tlaib,69.7,253354,Michigan,12,Democrat,MI,2024,MI12,2612
James Hooper,25.4,92490,Michigan,12,Republican,MI,2024,MI12,2612
Gary Walkowicz,2.6,9401,Michigan,12,Working Families Party,MI,2024,MI12,2612
Brenda Sanders,2.3,8254,Michigan,12,Green,MI,2024,MI12,2612
Shri Thanedar,68.6,220788,Michigan,13,Democrat,MI,2024,MI13,2613
Martell Bivings,24.5,78917,Michigan,13,Republican,MI,2024,MI13,2613
Simone Coleman,4.2,13367,Michigan,13,Working Families Party,MI,2024,MI13,2613
Christopher Clark,1.8,5726,Michigan,13,Libertarian,MI,2024,MI13,2613
Christopher Dardzinski,0.9,2825,Michigan,13,U.S. Taxpayers,MI,2024,MI13,2613
Shakira Lynn Hawkins,0.0,0,Michigan,13,Democrat,MI,2024,MI13,2613
Other/Write-in votes,0.0,26,Michigan,13,Other,MI,2024,MI13,2613
Brad Finstad,58.5,220929,Minnesota,01,Republican,MN,2024,MN01,2701
Rachel Bohman,41.4,156375,Minnesota,01,Democrat,MN,2024,MN01,2701
Other/Write-in votes,0.1,297,Minnesota,01,Other,MN,2024,MN01,2701
Angie Craig,55.5,231751,Minnesota,02,Democrat,MN,2024,MN02,2702
Joe Teirab,42.1,175621,Minnesota,02,Republican,MN,2024,MN02,2702
Thomas Bowman,2.3,9492,Minnesota,02,Conservative,MN,2024,MN02,2702
Other/Write-in votes,0.1,455,Minnesota,02,Other,MN,2024,MN02,2702
Kelly Morrison,58.4,240209,Minnesota,03,Democrat,MN,2024,MN03,2703
Tad Jude,41.5,170427,Minnesota,03,Republican,MN,2024,MN03,2703
Other/Write-in votes,0.1,504,Minnesota,03,Other,MN,2024,MN03,2703
Betty McCollum,67.3,242802,Minnesota,04,Democrat,MN,2024,MN04,2704
May Lor Xiong,32.6,117618,Minnesota,04,Republican,MN,2024,MN04,2704
Other/Write-in votes,0.2,623,Minnesota,04,Other,MN,2024,MN04,2704
Ilhan Omar,74.4,261066,Minnesota,05,Democrat,MN,2024,MN05,2705
Dalia al-Aqidi,24.6,86213,Minnesota,05,Republican,MN,2024,MN05,2705
Other/Write-in votes,1.1,3768,Minnesota,05,Other,MN,2024,MN05,2705
Tom Emmer,62.4,260095,Minnesota,06,Republican,MN,2024,MN06,2706
Jeanne Hendricks,37.4,155836,Minnesota,06,Democrat,MN,2024,MN06,2706
Other/Write-in votes,0.1,565,Minnesota,06,Other,MN,2024,MN06,2706
Michelle Fischbach,70.4,275098,Minnesota,07,Republican,MN,2024,MN07,2707
A. John Peters,29.4,114979,Minnesota,07,Democrat,MN,2024,MN07,2707
Other/Write-in votes,0.1,433,Minnesota,07,Other,MN,2024,MN07,2707
Pete Stauber,58.0,244498,Minnesota,08,Republican,MN,2024,MN08,2708
Jennifer Schultz,41.9,176724,Minnesota,08,Democrat,MN,2024,MN08,2708
Other/Write-in votes,0.1,384,Minnesota,08,Other,MN,2024,MN08,2708
Trent Kelly,68.6,165320,Mississippi,01,Republican,MS,2024,MS01,2801
Dianne Black,31.4,75803,Mississippi,01,Democrat,MS,2024,MS01,2801
Bennie Thompson,61.7,153881,Mississippi,02,Democrat,MS,2024,MS02,2802
Ronald Eller,38.3,95449,Mississippi,02,Republican,MS,2024,MS02,2802
Michael Guest,100.0,0,Mississippi,03,Republican,MS,2024,MS03,2803
Mike Ezell,73.0,133597,Mississippi,04,Republican,MS,2024,MS04,2804
Craig Raybon,27.0,49501,Mississippi,04,Democrat,MS,2024,MS04,2804
Wesley Bell,76.0,224651,Missouri,01,Democrat,MO,2024,MO01,2901
Andrew Jones Jr.,18.3,54216,Missouri,01,Republican,MO,2024,MO01,2901
Rochelle Riggins,3.3,9765,Missouri,01,Libertarian,MO,2024,MO01,2901
Don Fitz,1.7,4917,Missouri,01,Green,MO,2024,MO01,2901
Blake Ashby,0.7,2178,Missouri,01,Better Party,MO,2024,MO01,2901
Ann Wagner,54.5,231954,Missouri,02,Republican,MO,2024,MO02,2902
Ray Hartmann,42.5,180660,Missouri,02,Democrat,MO,2024,MO02,2902
Brandon Daugherty,2.1,8866,Missouri,02,Libertarian,MO,2024,MO02,2902
Shelby Davis,0.9,3893,Missouri,02,Green,MO,2024,MO02,2902
Bob Onder,63.5,159343,Missouri,03,Republican,MO,2024,MO03,2903
Bethany Mann,32.7,82041,Missouri,03,Democrat,MO,2024,MO03,2903
Jordan Rowden,2.7,6742,Missouri,03,Libertarian,MO,2024,MO03,2903
William Hastings,1.1,2774,Missouri,03,Green,MO,2024,MO03,2903
Mark Alford,71.1,215936,Missouri,04,Republican,MO,2024,MO04,2904
Jeanette Cass,26.4,80122,Missouri,04,Democrat,MO,2024,MO04,2904
Thomas Holbrook,2.5,7507,Missouri,04,Libertarian,MO,2024,MO04,2904
David Haave,0.0,0,Missouri,04,Independent,MO,2024,MO04,2904
Emanuel Cleaver,60.2,198292,Missouri,05,Democrat,MO,2024,MO05,2905
Sean Smith,36.5,120350,Missouri,05,Republican,MO,2024,MO05,2905
Bill Wayne,2.0,6598,Missouri,05,Libertarian,MO,2024,MO05,2905
Michael Day,1.3,4351,Missouri,05,Green,MO,2024,MO05,2905
Sam Graves,70.1,232286,Missouri,06,Republican,MO,2024,MO06,2906
Pam May,27.5,91201,Missouri,06,Democrat,MO,2024,MO06,2906
Andy Maidment,1.6,5225,Missouri,06,Libertarian,MO,2024,MO06,2906
Mike Diel,0.8,2610,Missouri,06,Green,MO,2024,MO06,2906
Eric Burlison,70.8,153686,Missouri,07,Republican,MO,2024,MO07,2907
Missi Hesketh,26.9,58447,Missouri,07,Democrat,MO,2024,MO07,2907
Kevin Craig,2.2,4819,Missouri,07,Libertarian,MO,2024,MO07,2907
Jason Smith,77.7,213558,Missouri,08,Republican,MO,2024,MO08,2908
Randi McCallian,20.2,55553,Missouri,08,Democrat,MO,2024,MO08,2908
Jake Dawson,2.1,5758,Missouri,08,Libertarian,MO,2024,MO08,2908
Ryan K. Zinke,52.3,168529,Montana,01,Republican,MT,2024,MT01,3001
Monica Tranel,44.6,143783,Montana,01,Democrat,MT,2024,MT01,3001
Dennis Hayes,3.1,9954,Montana,01,Libertarian,MT,2024,MT01,3001
Troy Downing,66.0,181832,Montana,02,Republican,MT,2024,MT02,3002
John B. Driscoll,34.0,93713,Montana,02,Democrat,MT,2024,MT02,3002
John Metzger,0.0,0,Montana,02,Independent,MT,2024,MT02,3002
Reilly Neill,0.0,0,Montana,02,Democrat,MT,2024,MT02,3002
Mike Flood,60.1,187559,Nebraska,01,Republican,NE,2024,NE01,3101
Carol Blood,39.9,124498,Nebraska,01,Democrat,NE,2024,NE01,3101
Don Bacon,50.9,160198,Nebraska,02,Republican,NE,2024,NE02,3102
Tony Vargas,49.1,154369,Nebraska,02,Democrat,NE,2024,NE02,3102
Adrian Smith,80.4,243481,Nebraska,03,Republican,NE,2024,NE03,3103
Daniel Ebers,19.6,59287,Nebraska,03,Democrat,NE,2024,NE03,3103
Dina Titus,52.0,167885,Nevada,01,Democrat,NV,2024,NV01,3201
Mark Robertson,44.5,143650,Nevada,01,Republican,NV,2024,NV01,3201
Ron Quince,1.0,3321,Nevada,01,Independent,NV,2024,NV01,3201
Bill Hoge,0.8,2736,Nevada,01,Independent,NV,2024,NV01,3201
David Havlicek,0.8,2711,Nevada,01,Libertarian,NV,2024,NV01,3201
David Goossen,0.8,2596,Nevada,01,Independent,NV,2024,NV01,3201
Mark Amodei,55.0,219919,Nevada,02,Republican,NV,2024,NV02,3202
Greg Kidd,36.1,144064,Nevada,02,Independent,NV,2024,NV02,3202
Lynn Chapman,5.0,19784,Nevada,02,Independent,NV,2024,NV02,3202
Javi Tachiquin,4.0,15817,Nevada,02,Libertarian,NV,2024,NV02,3202
Susie Lee,51.4,191304,Nevada,03,Democrat,NV,2024,NV03,3203
Drew Johnson,48.6,181084,Nevada,03,Republican,NV,2024,NV03,3203
Steven Horsford,52.7,174926,Nevada,04,Democrat,NV,2024,NV04,3204
John J. Lee,44.6,148061,Nevada,04,Republican,NV,2024,NV04,3204
Russell Best,1.5,4919,Nevada,04,Independent,NV,2024,NV04,3204
Timothy Ferreira,1.3,4300,Nevada,04,Libertarian,NV,2024,NV04,3204
Chris Pappas,54.0,218577,New Hampshire,01,Democrat,NH,2024,NH01,3301
Russell Prescott,45.9,185936,New Hampshire,01,Republican,NH,2024,NH01,3301
Other/Write-in votes,0.1,295,New Hampshire,01,Other,NH,2024,NH01,3301
Maggie Goodlander,52.9,211641,New Hampshire,02,Democrat,NH,2024,NH02,3302
Lily Williams,47.0,187810,New Hampshire,02,Republican,NH,2024,NH02,3302
Other/Write-in votes,0.1,367,New Hampshire,02,Other,NH,2024,NH02,3302
Donald Norcross,57.7,193185,New Jersey,01,Democrat,NJ,2024,NJ01,3401
Theodore Liddell,40.2,134576,New Jersey,01,Republican,NJ,2024,NJ01,3401
Robin Brownfield,1.5,5167,New Jersey,01,Green,NJ,2024,NJ01,3401
Austin Johnson,0.6,1926,New Jersey,01,Independent,NJ,2024,NJ01,3401
Joseph Spataro,0.0,0,New Jersey,01,American People's Freedom Party,NJ,2024,NJ01,3401
Jeff Van Drew,58.5,205984,New Jersey,02,Republican,NJ,2024,NJ02,3402
Joe Salerno,40.9,144087,New Jersey,02,Democrat,NJ,2024,NJ02,3402
Thomas Cannavo,0.6,2289,New Jersey,02,Green,NJ,2024,NJ02,3402
Herbert C. Conaway Jr.,53.3,161289,New Jersey,03,Democrat,NJ,2024,NJ03,3403
Rajesh Mohan,44.5,134716,New Jersey,03,Republican,NJ,2024,NJ03,3403
Steven Welzer,0.9,2715,New Jersey,03,Green,NJ,2024,NJ03,3403
Chris Russomanno,0.5,1554,New Jersey,03,Libertarian,NJ,2024,NJ03,3403
Douglas Wynn,0.4,1161,New Jersey,03,Why Not Wynn Party,NJ,2024,NJ03,3403
Justin Barbera,0.3,972,New Jersey,03,Join The Revolution Party,NJ,2024,NJ03,3403
Chris Smith,67.7,256001,New Jersey,04,Republican,NJ,2024,NJ04,3404
Matthew Jenkins,31.4,118811,New Jersey,04,Democrat,NJ,2024,NJ04,3404
John Morrison,0.5,1859,New Jersey,04,Libertarian,NJ,2024,NJ04,3404
Barry Bendar,0.4,1665,New Jersey,04,Green,NJ,2024,NJ04,3404
Josh Gottheimer,54.6,198622,New Jersey,05,Democrat,NJ,2024,NJ05,3405
Mary Jo Guinchard,43.3,157584,New Jersey,05,Republican,NJ,2024,NJ05,3405
Beau Forte,0.9,3151,New Jersey,05,Green,NJ,2024,NJ05,3405
James Tosone,0.6,2294,New Jersey,05,Libertarian,NJ,2024,NJ05,3405
Aamir Arif,0.6,2266,New Jersey,05,Peace Freedom Liberty Party,NJ,2024,NJ05,3405
Frank Pallone Jr.,55.7,158769,New Jersey,06,Democrat,NJ,2024,NJ06,3406
Scott Fegler,40.8,116340,New Jersey,06,Republican,NJ,2024,NJ06,3406
Fahad Akhtar,1.5,4379,New Jersey,06,Independent,NJ,2024,NJ06,3406
Herb Tarbous,1.3,3724,New Jersey,06,Green,NJ,2024,NJ06,3406
Matthew Amitrano,0.6,1627,New Jersey,06,Libertarian,NJ,2024,NJ06,3406
Thomas Kean Jr.,52.5,215938,New Jersey,07,Republican,NJ,2024,NJ07,3407
Susan Altman,45.7,188261,New Jersey,07,Democrat,NJ,2024,NJ07,3407
Andrew Black,1.0,3913,New Jersey,07,Green,NJ,2024,NJ07,3407
Lana Leguia,0.9,3572,New Jersey,07,Libertarian,NJ,2024,NJ07,3407
Robert Menendez Jr.,59.2,100205,New Jersey,08,Democrat,NJ,2024,NJ08,3408
Anthony Valdes,34.7,58666,New Jersey,08,Republican,NJ,2024,NJ08,3408
Christian Robbins,2.7,4594,New Jersey,08,Green,NJ,2024,NJ08,3408
Pablo Olivera,2.2,3641,New Jersey,08,Labour,NJ,2024,NJ08,3408
Lea Sherman,1.2,2102,New Jersey,08,Socialist Workers,NJ,2024,NJ08,3408
Nellie Pou,50.6,123772,New Jersey,09,Democrat,NJ,2024,NJ09,3409
Billy Prempeh,46.2,112936,New Jersey,09,Republican,NJ,2024,NJ09,3409
Benjamin Taylor,1.9,4631,New Jersey,09,Green,NJ,2024,NJ09,3409
Bruno Pereira,1.4,3318,New Jersey,09,Libertarian,NJ,2024,NJ09,3409
LaMonica McIver,75.0,133556,New Jersey,10,Democrat,NJ,2024,NJ10,3410
Carmen Bucco,21.9,39057,New Jersey,10,Republican,NJ,2024,NJ10,3410
Jon Serrano,1.2,2095,New Jersey,10,Green,NJ,2024,NJ10,3410
Cynthia Johnson,0.8,1492,New Jersey,10,C4C 2024 Party,NJ,2024,NJ10,3410
Michelle Middleton,0.6,1123,New Jersey,10,All Of Us! Party,NJ,2024,NJ10,3410
Donna Weiss,0.4,762,New Jersey,10,Social Activist Party,NJ,2024,NJ10,3410
Mikie Sherrill,55.9,208666,New Jersey,11,Democrat,NJ,2024,NJ11,3411
Joseph Belnome,42.5,158674,New Jersey,11,Republican,NJ,2024,NJ11,3411
Lily Benavides,1.2,4325,New Jersey,11,Green,NJ,2024,NJ11,3411
Joshua Lanzara,0.5,1709,New Jersey,11,Truth Freedom Prosperity Party,NJ,2024,NJ11,3411
Bonnie Watson Coleman,59.1,140635,New Jersey,12,Democrat,NJ,2024,NJ12,3412
Darius Mayfield,38.6,91763,New Jersey,12,Republican,NJ,2024,NJ12,3412
Kim Meudt,1.4,3326,New Jersey,12,Green,NJ,2024,NJ12,3412
Vic Kaplan,0.9,2057,New Jersey,12,Libertarian,NJ,2024,NJ12,3412
Melanie Ann Stansbury,56.4,193203,New Mexico,01,Democrat,NM,2024,NM01,3501
Steve Jones,43.6,149546,New Mexico,01,Republican,NM,2024,NM01,3501
Gabriel Vasquez,52.1,138177,New Mexico,02,Democrat,NM,2024,NM02,3502
Yvette Herrell,47.9,127145,New Mexico,02,Republican,NM,2024,NM02,3502
Teresa Leger Fernandez,56.3,162342,New Mexico,03,Democrat,NM,2024,NM03,3503
Sharon E. Clahchischilliage,43.7,126085,New Mexico,03,Republican,NM,2024,NM03,3503
Nicholas J. LaLota,55.7,216236,New York,01,Republican,NY,2024,NY01,3601
John Avlon,44.3,171979,New York,01,Democrat,NY,2024,NY01,3601
Andrew Garbarino,60.1,194989,New York,02,Republican,NY,2024,NY02,3602
Rob Lubin,39.9,129446,New York,02,Democrat,NY,2024,NY02,3602
Tom Suozzi,51.3,177188,New York,03,Democrat,NY,2024,NY03,3603
Michael LiPetri Jr.,48.7,168165,New York,03,Republican,NY,2024,NY03,3603
Laura Gillen,50.9,182771,New York,04,Democrat,NY,2024,NY04,3604
Anthony D'Esposito,49.1,176623,New York,04,Republican,NY,2024,NY04,3604
Gregory W. Meeks,72.9,157225,New York,05,Democrat,NY,2024,NY05,3605
Paul King,27.1,58380,New York,05,Republican,NY,2024,NY05,3605
Grace Meng,60.3,111592,New York,06,Democrat,NY,2024,NY06,3606
Thomas Zmich,38.1,70566,New York,06,Republican,NY,2024,NY06,3606
Joseph Chou,1.6,3031,New York,06,Truth Party,NY,2024,NY06,3606
Nydia Velazquez,77.7,157508,New York,07,Democrat,NY,2024,NY07,3607
William Kregler,22.3,45078,New York,07,Republican,NY,2024,NY07,3607
Hakeem Jeffries,75.0,155732,New York,08,Democrat,NY,2024,NY08,3608
John Delaney,25.0,51807,New York,08,Republican,NY,2024,NY08,3608
Yvette D. Clarke,73.9,160481,New York,09,Democrat,NY,2024,NY09,3609
Menachem Raitport,26.1,56614,New York,09,Republican,NY,2024,NY09,3609
Daniel Goldman,82.1,186991,New York,10,Democrat,NY,2024,NY10,3610
Alexander Dodenhoff,15.2,34577,New York,10,Republican,NY,2024,NY10,3610
Paul Briscoe,2.7,6173,New York,10,Conservative,NY,2024,NY10,3610
Nicole Malliotakis,64.7,160908,New York,11,Republican,NY,2024,NY11,3611
Andrea Morse,35.3,87640,New York,11,Democrat,NY,2024,NY11,3611
Jerrold Nadler,80.4,235728,New York,12,Democrat,NY,2024,NY12,3612
Mike Zumbluskas,19.6,57323,New York,12,Republican,NY,2024,NY12,3612
Adriano Espaillat,83.6,164402,New York,13,Democrat,NY,2024,NY13,3613
Ruben D. Vargas,16.4,32316,New York,13,Republican,NY,2024,NY13,3613
Alexandria Ocasio-Cortez,68.9,123269,New York,14,Democrat,NY,2024,NY14,3614
Tina Forte,31.1,55580,New York,14,Republican,NY,2024,NY14,3614
Ritchie Torres,76.6,121318,New York,15,Democrat,NY,2024,NY15,3615
Gonzalo Duran,21.1,33405,New York,15,Republican,NY,2024,NY15,3615
Jose Vega,2.4,3746,New York,15,LaRouche,NY,2024,NY15,3615
George Latimer,71.7,125835,New York,16,Democrat,NY,2024,NY16,3616
Miriam Flisser,28.3,49767,New York,16,Republican,NY,2024,NY16,3616
Michael Lawler,52.5,191681,New York,17,Republican,NY,2024,NY17,3617
Mondaire Jones,45.5,166331,New York,17,Democrat,NY,2024,NY17,3617
Anthony Frascone,2.0,7186,New York,17,Working Families Party,NY,2024,NY17,3617
Pat Ryan,57.1,201888,New York,18,Democrat,NY,2024,NY18,3618
Alison Esposito,42.9,151487,New York,18,Republican,NY,2024,NY18,3618
Josh Riley,50.5,180808,New York,19,Democrat,NY,2024,NY19,3619
Marcus Molinaro,49.5,177303,New York,19,Republican,NY,2024,NY19,3619
Paul Tonko,60.4,211204,New York,20,Democrat,NY,2024,NY20,3620
Kevin Waltz,39.6,138340,New York,20,Republican,NY,2024,NY20,3620
Elise Stefanik,62.5,206581,New York,21,Republican,NY,2024,NY21,3621
Paula Collins,37.5,123756,New York,21,Democrat,NY,2024,NY21,3621
Scott Phillip Lewis,0.0,0,New York,21,Independent,NY,2024,NY21,3621
John Mannion,54.1,183473,New York,22,Democrat,NY,2024,NY22,3622
Brandon Williams,45.9,155496,New York,22,Republican,NY,2024,NY22,3622
Nick Langworthy,66.0,240269,New York,23,Republican,NY,2024,NY23,3623
Thomas Carle,34.0,123649,New York,23,Democrat,NY,2024,NY23,3623
Claudia Tenney,64.9,200880,New York,24,Republican,NY,2024,NY24,3624
David Wagenhauser,35.1,108761,New York,24,Democrat,NY,2024,NY24,3624
Joseph Morelle,60.4,209722,New York,25,Democrat,NY,2024,NY25,3625
Gregg Sadwick,39.6,137445,New York,25,Republican,NY,2024,NY25,3625
Timothy M. Kennedy,65.0,201350,New York,26,Democrat,NY,2024,NY26,3626
Anthony Marecki,35.0,108611,New York,26,Republican,NY,2024,NY26,3626
Donald Davis,49.4,184993,North Carolina,01,Democrat,NC,2024,NC01,3701
Laurie Buckhout,47.9,179167,North Carolina,01,Republican,NC,2024,NC01,3701
Tom Bailey,2.7,9951,North Carolina,01,Libertarian,NC,2024,NC01,3701
Deborah Ross,67.6,221430,North Carolina,02,Democrat,NC,2024,NC02,3702
Alan Swain,30.6,100059,North Carolina,02,Republican,NC,2024,NC02,3702
Michael Dublin,1.8,5936,North Carolina,02,Green,NC,2024,NC02,3702
Gregory Murphy,77.0,199756,North Carolina,03,Republican,NC,2024,NC03,3703
Gheorghe Cormos,23.0,59638,North Carolina,03,Libertarian,NC,2024,NC03,3703
Valerie Foushee,73.4,287986,North Carolina,04,Democrat,NC,2024,NC04,3704
Eric Blankenburg,24.8,97184,North Carolina,04,Republican,NC,2024,NC04,3704
Guy Meilleur,1.8,7127,North Carolina,04,Libertarian,NC,2024,NC04,3704
Virginia Foxx,60.1,192088,North Carolina,05,Republican,NC,2024,NC05,3705
Chuck Hubbard,39.9,127648,North Carolina,05,Democrat,NC,2024,NC05,3705
Addison McDowell,70.2,215713,North Carolina,06,Republican,NC,2024,NC06,3706
Kevin E. Hayes,29.8,91637,North Carolina,06,Constitution,NC,2024,NC06,3706
David Rouzer,60.7,191423,North Carolina,07,Republican,NC,2024,NC07,3707
Marlando Pridgen,39.3,123899,North Carolina,07,Democrat,NC,2024,NC07,3707
Mark Harris,61.6,183008,North Carolina,08,Republican,NC,2024,NC08,3708
Justin Dues,38.4,113867,North Carolina,08,Democrat,NC,2024,NC08,3708
Richard Hudson,56.6,207261,North Carolina,09,Republican,NC,2024,NC09,3709
Nigel Bristow,37.5,137570,North Carolina,09,Democrat,NC,2024,NC09,3709
Shelane Etchison,5.9,21650,North Carolina,09,Independent,NC,2024,NC09,3709
Pat Harrigan,58.6,224201,North Carolina,10,Republican,NC,2024,NC10,3710
Ralph Scott Jr.,37.3,142457,North Carolina,10,Democrat,NC,2024,NC10,3710
Steven Feldman,2.7,10300,North Carolina,10,Libertarian,NC,2024,NC10,3710
Todd Helm,1.4,5359,North Carolina,10,Constitution,NC,2024,NC10,3710
Chuck Edwards,56.8,243020,North Carolina,11,Republican,NC,2024,NC11,3711
Caleb Rudow,43.2,185004,North Carolina,11,Democrat,NC,2024,NC11,3711
Alma Adams,74.0,236603,North Carolina,12,Democrat,NC,2024,NC12,3712
Addul Ali,26.0,83203,North Carolina,12,Republican,NC,2024,NC12,3712
Brad Knott,58.7,235199,North Carolina,13,Republican,NC,2024,NC13,3713
Frank Pierce,41.3,165474,North Carolina,13,Democrat,NC,2024,NC13,3713
Timothy K. Moore,58.1,223030,North Carolina,14,Republican,NC,2024,NC14,3714
Pamela Genant,41.9,161115,North Carolina,14,Democrat,NC,2024,NC14,3714
Julie Fedorchak,69.2,249101,North Dakota,00,Republican,ND,2024,ND00,3800
Trygve Hammer,30.4,109231,North Dakota,00,Democrat,ND,2024,ND00,3800
Other/Write-in votes,0.4,1455,North Dakota,00,Other,ND,2024,ND00,3800
Greg Landsman,54.6,213916,Ohio,01,Democrat,OH,2024,OH01,3901
Orlando Sonza,45.4,177993,Ohio,01,Republican,OH,2024,OH01,3901
David Taylor,73.6,268211,Ohio,02,Republican,OH,2024,OH02,3902
Samantha Meadows,26.4,96401,Ohio,02,Democrat,OH,2024,OH02,3902
Alexander Schrank,0.0,4,Ohio,02,Independent,OH,2024,OH02,3902
Joyce Beatty,70.7,242632,Ohio,03,Democrat,OH,2024,OH03,3903
Michael Young,29.3,100355,Ohio,03,Republican,OH,2024,OH03,3903
Jim Jordan,68.5,273297,Ohio,04,Republican,OH,2024,OH04,3904
Tamie Wilson,31.5,125905,Ohio,04,Democrat,OH,2024,OH04,3904
Bob Latta,67.5,255633,Ohio,05,Republican,OH,2024,OH05,3905
Keith Mundy,32.5,123024,Ohio,05,Democrat,OH,2024,OH05,3905
Michael Rulli,66.7,245860,Ohio,06,Republican,OH,2024,OH06,3906
Michael Kripchak,33.3,122515,Ohio,06,Democrat,OH,2024,OH06,3906
Max Miller,51.1,204494,Ohio,07,Republican,OH,2024,OH07,3907
Matthew Diemer,36.1,144613,Ohio,07,Democrat,OH,2024,OH07,3907
Dennis J. Kucinich,12.8,51264,Ohio,07,Independent,OH,2024,OH07,3907
Warren Davidson,62.8,237503,Ohio,08,Republican,OH,2024,OH08,3908
Vanessa Enoch,37.2,140625,Ohio,08,Democrat,OH,2024,OH08,3908
Marcy Kaptur,48.3,181098,Ohio,09,Democrat,OH,2024,OH09,3909
Derek Merrin,47.6,178716,Ohio,09,Republican,OH,2024,OH09,3909
Tom Pruss,4.1,15381,Ohio,09,Libertarian,OH,2024,OH09,3909
Michael Turner,57.6,213695,Ohio,10,Republican,OH,2024,OH10,3910
Amy Cox,39.2,145420,Ohio,10,Democrat,OH,2024,OH10,3910
Michael Harbaugh,3.1,11631,Ohio,10,Independent,OH,2024,OH10,3910
Shontel Brown,78.3,236883,Ohio,11,Democrat,OH,2024,OH11,3911
Alan Rapoport,19.6,59394,Ohio,11,Republican,OH,2024,OH11,3911
Sean Freeman,2.0,6107,Ohio,11,Independent,OH,2024,OH11,3911
Tracy DeForde,0.0,27,Ohio,11,Independent,OH,2024,OH11,3911
Christopher Zelonish,0.0,2,Ohio,11,Independent,OH,2024,OH11,3911
Troy Balderson,68.5,260450,Ohio,12,Republican,OH,2024,OH12,3912
Jerrad Christian,31.5,119738,Ohio,12,Democrat,OH,2024,OH12,3912
Emilia Sykes,51.1,197466,Ohio,13,Democrat,OH,2024,OH13,3913
Kevin Coughlin,48.9,188924,Ohio,13,Republican,OH,2024,OH13,3913
David Joyce,63.4,243427,Ohio,14,Republican,OH,2024,OH14,3914
Brian Kenderes,36.6,140431,Ohio,14,Democrat,OH,2024,OH14,3914
Mike Carey,56.5,196338,Ohio,15,Republican,OH,2024,OH15,3915
Adam Miller,43.5,151411,Ohio,15,Democrat,OH,2024,OH15,3915
Kevin Hern,60.4,188832,Oklahoma,01,Republican,OK,2024,OK01,4001
Dennis Baker,34.5,107903,Oklahoma,01,Democrat,OK,2024,OK01,4001
Mark Sanders,5.0,15766,Oklahoma,01,Independent,OK,2024,OK01,4001
Josh Brecheen,74.2,238123,Oklahoma,02,Republican,OK,2024,OK02,4002
Brandon Wade,21.4,68841,Oklahoma,02,Democrat,OK,2024,OK02,4002
Ronnie Hopkins,4.4,14061,Oklahoma,02,Independent,OK,2024,OK02,4002
Frank Lucas,74.5,147418,Oklahoma,03,Republican,OK,2024,OK03,4003
Jeremiah Ross,25.5,50354,Oklahoma,03,Democrat,OK,2024,OK03,4003
Tom Cole,65.2,199962,Oklahoma,04,Republican,OK,2024,OK04,4004
Mary Brannon,28.3,86641,Oklahoma,04,Democrat,OK,2024,OK04,4004
James Stacy,6.5,19870,Oklahoma,04,Independent,OK,2024,OK04,4004
Stephanie Bice,60.7,207636,Oklahoma,05,Republican,OK,2024,OK05,4005
Madison Horn,39.3,134471,Oklahoma,05,Democrat,OK,2024,OK05,4005
Suzanne Bonamici,68.7,169467,Oregon,01,Democrat,OR,2024,OR01,4101
Bob Todd,28.8,71070,Oregon,01,Republican,OR,2024,OR01,4101
Joseph Christman,2.6,6299,Oregon,01,Libertarian,OR,2024,OR01,4101
Cliff Bentz,64.1,185378,Oregon,02,Republican,OR,2024,OR02,4102
Dan Ruby,33.1,95636,Oregon,02,Democrat,OR,2024,OR02,4102
Michael Stettler,2.9,8329,Oregon,02,Constitution,OR,2024,OR02,4102
Maxine Dexter,68.7,141250,Oregon,03,Democrat,OR,2024,OR03,4103
Joanna Harbour,25.8,53016,Oregon,03,Republican,OR,2024,OR03,4103
David Walker,2.5,5240,Oregon,03,Independent,OR,2024,OR03,4103
Joe Meyer,2.3,4649,Oregon,03,Green,OR,2024,OR03,4103
David Frosch,0.7,1354,Oregon,03,Constitution,OR,2024,OR03,4103
Val Hoyle,52.5,182572,Oregon,04,Democrat,OR,2024,OR04,4104
Monique DeSpain,43.5,151445,Oregon,04,Republican,OR,2024,OR04,4104
Justin Filip,2.6,9054,Oregon,04,Green,OR,2024,OR04,4104
Dan Bahlen,1.4,4920,Oregon,04,Libertarian,OR,2024,OR04,4104
Janelle Bynum,47.6,184023,Oregon,05,Democrat,OR,2024,OR05,4105
Lori Chavez-DeRemer,45.2,174448,Oregon,05,Republican,OR,2024,OR05,4105
Brett Smith,4.6,17912,Oregon,05,Independent,OR,2024,OR05,4105
Sonja Feintech,1.5,5895,Oregon,05,Libertarian,OR,2024,OR05,4105
Andrea Townsend,1.0,3947,Oregon,05,Green,OR,2024,OR05,4105
Andrea Salinas,53.1,155288,Oregon,06,Democrat,OR,2024,OR06,4106
Mike Erickson,46.8,136898,Oregon,06,Republican,OR,2024,OR06,4106
Other/Write-in votes,0.2,462,Oregon,06,Other,OR,2024,OR06,4106
Brian Fitzpatrick,57.6,219171,Pennsylvania,01,Republican,PA,2024,PA01,4201
Ashley Ehasz,42.4,161079,Pennsylvania,01,Democrat,PA,2024,PA01,4201
Brendan Boyle,68.7,139637,Pennsylvania,02,Democrat,PA,2024,PA02,4202
Aaron Bashir,31.3,63576,Pennsylvania,02,Republican,PA,2024,PA02,4202
Dwight Evans,100.0,333522,Pennsylvania,03,Democrat,PA,2024,PA03,4203
Madeleine Dean,58.3,243207,Pennsylvania,04,Democrat,PA,2024,PA04,4204
David Winkler,41.7,173984,Pennsylvania,04,Republican,PA,2024,PA04,4204
Mary Gay Scanlon,66.7,123153,Pennsylvania,05,Democrat,PA,2024,PA05,4205
Alfe Goodwin,33.3,61476,Pennsylvania,05,Republican,PA,2024,PA05,4205
Chrissy Houlahan,54.4,197767,Pennsylvania,06,Democrat,PA,2024,PA06,4206
Neil Young,45.6,165674,Pennsylvania,06,Republican,PA,2024,PA06,4206
Ryan Mackenzie,50.7,200544,Pennsylvania,07,Republican,PA,2024,PA07,4207
Susan Wild,49.3,195004,Pennsylvania,07,Democrat,PA,2024,PA07,4207
Rob Bresnahan Jr.,51.0,192784,Pennsylvania,08,Republican,PA,2024,PA08,4208
Matt Cartwright,49.0,185360,Pennsylvania,08,Democrat,PA,2024,PA08,4208
Dan Meuser,70.8,206687,Pennsylvania,09,Republican,PA,2024,PA09,4209
Amanda Waldman,29.2,85296,Pennsylvania,09,Democrat,PA,2024,PA09,4209
Scott Perry,50.8,203460,Pennsylvania,10,Republican,PA,2024,PA10,4210
Janelle Stelson,49.2,197048,Pennsylvania,10,Democrat,PA,2024,PA10,4210
Lloyd Smucker,60.6,198569,Pennsylvania,11,Republican,PA,2024,PA11,4211
Jim Atkinson,39.4,129307,Pennsylvania,11,Democrat,PA,2024,PA11,4211
Summer Lee,56.2,222905,Pennsylvania,12,Democrat,PA,2024,PA12,4212
James Hayes,43.8,173549,Pennsylvania,12,Republican,PA,2024,PA12,4212
John Joyce,77.7,192587,Pennsylvania,13,Republican,PA,2024,PA13,4213
Beth Farnham,22.3,55412,Pennsylvania,13,Democrat,PA,2024,PA13,4213
Guy Reschenthaler,67.9,249645,Pennsylvania,14,Republican,PA,2024,PA14,4214
Chris Dziados,32.1,117770,Pennsylvania,14,Democrat,PA,2024,PA14,4214
Glenn Thompson,72.6,260692,Pennsylvania,15,Republican,PA,2024,PA15,4215
Zach Womer,27.4,98178,Pennsylvania,15,Democrat,PA,2024,PA15,4215
Mike Kelly,63.9,253194,Pennsylvania,16,Republican,PA,2024,PA16,4216
Preston Nouri,36.1,143101,Pennsylvania,16,Democrat,PA,2024,PA16,4216
Chris Deluzio,53.7,238775,Pennsylvania,17,Democrat,PA,2024,PA17,4217
Rob Mercuri,46.3,205894,Pennsylvania,17,Republican,PA,2024,PA17,4217
Gabe Amo,60.7,114800,Rhode Island,01,Democrat,RI,2024,RI01,4401
Allen Waters,34.3,64807,Rhode Island,01,Republican,RI,2024,RI01,4401
Christopher Reynolds,5.0,9394,Rhode Island,01,Independent,RI,2024,RI01,4401
Seth Magaziner,58.0,149024,Rhode Island,02,Democrat,RI,2024,RI02,4402
Steven Corvi,41.8,107365,Rhode Island,02,Republican,RI,2024,RI02,4402
Other/Write-in votes,0.2,641,Rhode Island,02,Other,RI,2024,RI02,4402
Nancy Mace,58.2,227502,South Carolina,01,Republican,SC,2024,SC01,4501
Michael B. Moore,41.6,162582,South Carolina,01,Democrat,SC,2024,SC01,4501
Other/Write-in votes,0.2,693,South Carolina,01,Other,SC,2024,SC01,4501
Joe Wilson,59.5,211514,South Carolina,02,Republican,SC,2024,SC02,4502
David Robinson II,40.2,142985,South Carolina,02,Democrat,SC,2024,SC02,4502
Other/Write-in votes,0.2,786,South Carolina,02,Other,SC,2024,SC02,4502
Sheri Biggs,71.7,248451,South Carolina,03,Republican,SC,2024,SC03,4503
Bryon Best,25.3,87735,South Carolina,03,Democrat,SC,2024,SC03,4503
Michael Bedenbaugh,2.9,9918,South Carolina,03,Alliance,SC,2024,SC03,4503
Other/Write-in votes,0.2,609,South Carolina,03,Other,SC,2024,SC03,4503
William Timmons,59.7,206916,South Carolina,04,Republican,SC,2024,SC04,4504
Kathryn Harvey,37.2,128976,South Carolina,04,Democrat,SC,2024,SC04,4504
Mark Hackett,2.8,9779,South Carolina,04,Constitution,SC,2024,SC04,4504
Other/Write-in votes,0.2,743,South Carolina,04,Other,SC,2024,SC04,4504
Ralph Norman,63.5,228260,South Carolina,05,Republican,SC,2024,SC05,4505
Evangeline Hundley,36.3,130592,South Carolina,05,Democrat,SC,2024,SC05,4505
Other/Write-in votes,0.2,557,South Carolina,05,Other,SC,2024,SC05,4505
James Clyburn,59.5,182056,South Carolina,06,Democrat,SC,2024,SC06,4506
Duke Buckner,36.7,112360,South Carolina,06,Republican,SC,2024,SC06,4506
Michael Simpson,1.7,5279,South Carolina,06,Libertarian,SC,2024,SC06,4506
Gregg Marcel Dixon,1.6,4927,South Carolina,06,United Citizens Party,SC,2024,SC06,4506
Joseph Oddo,0.3,1056,South Carolina,06,Alliance,SC,2024,SC06,4506
Other/Write-in votes,0.1,299,South Carolina,06,Other,SC,2024,SC06,4506
Russell Fry,64.9,240326,South Carolina,07,Republican,SC,2024,SC07,4507
Mal Hyman,35.0,129522,South Carolina,07,Democrat,SC,2024,SC07,4507
Other/Write-in votes,0.1,481,South Carolina,07,Other,SC,2024,SC07,4507
Dusty Johnson,75.5,173047,South Dakota,00,Republican,SD,2024,SD00,4600
Sheryl Johnson,24.5,56159,South Dakota,00,Democrat,SD,2024,SD00,4600
Diana Harshbarger,78.1,257530,Tennessee,01,Republican,TN,2024,TN01,4701
Kevin Jenkins,19.4,63949,Tennessee,01,Democrat,TN,2024,TN01,4701
Richard Baker,1.7,5707,Tennessee,01,Independent,TN,2024,TN01,4701
Levi Brake,0.8,2634,Tennessee,01,Independent,TN,2024,TN01,4701
Wisdom Zerit Teklay,0.0,0,Tennessee,01,Wisdom People Party,TN,2024,TN01,4701
Tim Burchett,69.2,250002,Tennessee,02,Republican,TN,2024,TN02,4702
Jane George,30.8,111094,Tennessee,02,Democrat,TN,2024,TN02,4702
Charles J. Fleischmann,67.6,235321,Tennessee,03,Republican,TN,2024,TN03,4703
Jack Allen,29.3,102046,Tennessee,03,Democrat,TN,2024,TN03,4703
Stephen King,1.7,5823,Tennessee,03,Independent,TN,2024,TN03,4703
Jean Howard-Hill,1.5,5092,Tennessee,03,Independent,TN,2024,TN03,4703
Scott DesJarlais,70.0,218980,Tennessee,04,Republican,TN,2024,TN04,4704
Victoria Broderick,26.8,83758,Tennessee,04,Democrat,TN,2024,TN04,4704
Keith Nolan,1.8,5596,Tennessee,04,Independent,TN,2024,TN04,4704
Earnest Ensley,1.5,4685,Tennessee,04,Independent,TN,2024,TN04,4704
Andy Ogles,56.9,204807,Tennessee,05,Republican,TN,2024,TN05,4705
Maryam Abolfazli,39.5,142136,Tennessee,05,Democrat,TN,2024,TN05,4705
Jim Larkin,2.1,7588,Tennessee,05,Independent,TN,2024,TN05,4705
Bob Titley,0.9,3063,Tennessee,05,Independent,TN,2024,TN05,4705
Yomi Faparusi,0.7,2570,Tennessee,05,Independent,TN,2024,TN05,4705
John Rose,67.5,204624,Tennessee,06,Republican,TN,2024,TN06,4706
Lore Bergman,32.5,98434,Tennessee,06,Democrat,TN,2024,TN06,4706
Mark Green,59.5,191673,Tennessee,07,Republican,TN,2024,TN07,4707
Megan Barry,38.0,122434,Tennessee,07,Democrat,TN,2024,TN07,4707
Shaun Greene,2.4,7868,Tennessee,07,Independent,TN,2024,TN07,4707
David Kustoff,72.7,235357,Tennessee,08,Republican,TN,2024,TN08,4708
Sarah Freeman,25.2,81595,Tennessee,08,Democrat,TN,2024,TN08,4708
James Hart,2.1,6675,Tennessee,08,Independent,TN,2024,TN08,4708
Steve Cohen,70.7,141751,Tennessee,09,Democrat,TN,2024,TN09,4709
Charlotte Bergmann,26.3,52613,Tennessee,09,Republican,TN,2024,TN09,4709
Wendell Wells,1.7,3394,Tennessee,09,Independent,TN,2024,TN09,4709
Dennis Clark,1.3,2642,Tennessee,09,Independent,TN,2024,TN09,4709
Nathaniel Moran,100.0,257792,Texas,01,Republican,TX,2024,TX01,4801
Daniel Crenshaw,66.1,173679,Texas,02,Republican,TX,2024,TX02,4802
Peter Filler,33.9,88990,Texas,02,Democrat,TX,2024,TX02,4802
Keith Self,62.7,231832,Texas,03,Republican,TX,2024,TX03,4803
Sandeep Srivastava,37.3,137938,Texas,03,Democrat,TX,2024,TX03,4803
Pat Fallon,66.9,179991,Texas,04,Republican,TX,2024,TX04,4804
Simon Cardell,33.1,89130,Texas,04,Democrat,TX,2024,TX04,4804
Lance Gooden,65.0,169645,Texas,05,Republican,TX,2024,TX05,4805
Ruth Torres,35.0,91370,Texas,05,Democrat,TX,2024,TX05,4805
Jake Ellzey,66.8,177282,Texas,06,Republican,TX,2024,TX06,4806
John Love III,33.2,88163,Texas,06,Democrat,TX,2024,TX06,4806
Lizzie Pannill Fletcher,61.6,120273,Texas,07,Democrat,TX,2024,TX07,4807
Caroline Kane,38.4,74940,Texas,07,Republican,TX,2024,TX07,4807
Morgan Luttrell,69.3,203034,Texas,08,Republican,TX,2024,TX08,4808
Laura Jones,30.7,89775,Texas,08,Democrat,TX,2024,TX08,4808
Al Green,100.0,182990,Texas,09,Democrat,TX,2024,TX09,4809
Michael McCaul,63.8,207078,Texas,10,Republican,TX,2024,TX10,4810
Theresa Boisseau,33.9,109980,Texas,10,Democrat,TX,2024,TX10,4810
Jeff Miller,2.3,7358,Texas,10,Libertarian,TX,2024,TX10,4810
August Pfluger,100.0,211620,Texas,11,Republican,TX,2024,TX11,4811
Craig Goldman,64.1,174421,Texas,12,Republican,TX,2024,TX12,4812
Trey Hunt,35.9,97851,Texas,12,Democrat,TX,2024,TX12,4812
Ronny L. Jackson,100.0,240037,Texas,13,Republican,TX,2024,TX13,4813
Randy Weber,68.7,206429,Texas,14,Republican,TX,2024,TX14,4814
Rhonda Hart,31.3,93995,Texas,14,Democrat,TX,2024,TX14,4814
Monica De La Cruz,58.0,114635,Texas,15,Republican,TX,2024,TX15,4815
Michelle Vallejo,42.0,82879,Texas,15,Democrat,TX,2024,TX15,4815
Veronica Escobar,59.7,122574,Texas,16,Democrat,TX,2024,TX16,4816
Irene Armendariz-Jackson,40.3,82602,Texas,16,Republican,TX,2024,TX16,4816
Deliris Montanez,0.0,0,Texas,16,Independent,TX,2024,TX16,4816
Pete Sessions,66.8,189843,Texas,17,Republican,TX,2024,TX17,4817
Mark Lorenzen,33.2,94237,Texas,17,Democrat,TX,2024,TX17,4817
Sylvester Turner,70.2,118421,Texas,18,Democrat,TX,2024,TX18,4818
Lana Centonze,29.8,50182,Texas,18,Republican,TX,2024,TX18,4818
Vince Duncan,0.0,0,Texas,18,Independent,TX,2024,TX18,4818
Kevin Dural,0.0,0,Texas,18,Independent,TX,2024,TX18,4818
Jodey Arrington,81.5,188338,Texas,19,Republican,TX,2024,TX19,4819
Nathan Lewis,10.1,23368,Texas,19,Independent,TX,2024,TX19,4819
Bernard Johnson,8.4,19301,Texas,19,Libertarian,TX,2024,TX19,4819
Joaquin Castro,100.0,157211,Texas,20,Democrat,TX,2024,TX20,4820
Chip Roy,62.1,251905,Texas,21,Republican,TX,2024,TX21,4821
Kristin Hook,35.9,145361,Texas,21,Democrat,TX,2024,TX21,4821
Bob King,2.0,8203,Texas,21,Libertarian,TX,2024,TX21,4821
Troy Nehls,62.6,195219,Texas,22,Republican,TX,2024,TX22,4822
Marquette Greene-Scott,37.4,116615,Texas,22,Democrat,TX,2024,TX22,4822
Tony Gonzales,62.7,153173,Texas,23,Republican,TX,2024,TX23,4823
Santos Limon,37.3,90968,Texas,23,Democrat,TX,2024,TX23,4823
Beth Van Duyne,60.8,188881,Texas,24,Republican,TX,2024,TX24,4824
Sam Eppler,39.2,121683,Texas,24,Democrat,TX,2024,TX24,4824
Roger Williams,99.4,262087,Texas,25,Republican,TX,2024,TX25,4825
Chad Hagg,0.6,1564,Texas,25,Independent,TX,2024,TX25,4825
Brandon Gill,62.5,204028,Texas,26,Republican,TX,2024,TX26,4826
Ernest Lineberger III,35.6,116343,Texas,26,Democrat,TX,2024,TX26,4826
Phil Gray,1.9,6262,Texas,26,Libertarian,TX,2024,TX26,4826
Michael Cloud,66.7,174894,Texas,27,Republican,TX,2024,TX27,4827
Tanya Lloyd,33.3,87300,Texas,27,Democrat,TX,2024,TX27,4827
Henry Cuellar,52.4,125098,Texas,28,Democrat,TX,2024,TX28,4828
Jay Furman,47.6,113750,Texas,28,Republican,TX,2024,TX28,4828
Sylvia Garcia,66.1,73510,Texas,29,Democrat,TX,2024,TX29,4829
Alan Garza,33.9,37703,Texas,29,Republican,TX,2024,TX29,4829
Jasmine Crockett,86.1,139115,Texas,30,Democrat,TX,2024,TX30,4830
Jrmar Jefferson,13.9,22494,Texas,30,Libertarian,TX,2024,TX30,4830
John Carter,64.6,216682,Texas,31,Republican,TX,2024,TX31,4831
Stuart Whitlow,35.4,118931,Texas,31,Democrat,TX,2024,TX31,4831
Julie Johnson,60.2,123921,Texas,32,Democrat,TX,2024,TX32,4832
Darrell Day,37.4,76828,Texas,32,Republican,TX,2024,TX32,4832
Kevin Hale,2.4,4937,Texas,32,Libertarian,TX,2024,TX32,4832
Marc Veasey,69.8,81369,Texas,33,Democrat,TX,2024,TX33,4833
Patrick Gillespie,30.2,35286,Texas,33,Republican,TX,2024,TX33,4833
Vicente Gonzalez Jr.,51.3,102598,Texas,34,Democrat,TX,2024,TX34,4834
Mayra Flores,48.7,97465,Texas,34,Republican,TX,2024,TX34,4834
Greg Casar,68.9,135779,Texas,35,Democrat,TX,2024,TX35,4835
Steven Wright,31.1,61378,Texas,35,Republican,TX,2024,TX35,4835
Brian Babin,68.9,162599,Texas,36,Republican,TX,2024,TX36,4836
Dayna Steele,31.1,73435,Texas,36,Democrat,TX,2024,TX36,4836
Lloyd Doggett,75.8,218054,Texas,37,Democrat,TX,2024,TX37,4837
Jenny Garcia Sharon,22.4,64354,Texas,37,Republican,TX,2024,TX37,4837
Girish Altekar,1.8,5180,Texas,37,Libertarian,TX,2024,TX37,4837
Wesley Hunt,63.6,183793,Texas,38,Republican,TX,2024,TX38,4838
Melissa McDonough,36.4,105023,Texas,38,Democrat,TX,2024,TX38,4838
Avery Ayers,0.0,0,Texas,38,Independent,TX,2024,TX38,4838
Blake Moore,63.1,230975,Utah,01,Republican,UT,2024,UT01,4901
Bill Campbell,32.1,117319,Utah,01,Democrat,UT,2024,UT01,4901
Daniel Cottam,4.8,17601,Utah,01,Libertarian,UT,2024,UT01,4901
Celeste Maloy,58.0,205234,Utah,02,Republican,UT,2024,UT02,4902
Nathaniel Woodward,34.2,121114,Utah,02,Democrat,UT,2024,UT02,4902
Cassie Easley,5.6,19650,Utah,02,Constitution,UT,2024,UT02,4902
Tyler Murset,2.2,7840,Utah,02,Independent,UT,2024,UT02,4902
Mike Kennedy,66.4,242496,Utah,03,Republican,UT,2024,UT03,4903
Glenn J. Wright,33.6,122780,Utah,03,Democrat,UT,2024,UT03,4903
Burgess Owens,63.4,230627,Utah,04,Republican,UT,2024,UT04,4904
Katrina Fallick-Wang,30.2,109838,Utah,04,Democrat,UT,2024,UT04,4904
Vaughn R. Cook,4.8,17347,Utah,04,United Utah,UT,2024,UT04,4904
M. Evan Bullard,1.6,5856,Utah,04,Independent,UT,2024,UT04,4904
Becca Balint,62.3,218398,Vermont,00,Democrat,VT,2024,VT00,5000
Mark Coester,29.8,104451,Vermont,00,Republican,VT,2024,VT00,5000
Adam Ortiz,5.5,19286,Vermont,00,Independent,VT,2024,VT00,5000
Jessica Diamondstone,2.2,7552,Vermont,00,Green,VT,2024,VT00,5000
Other/Write-in votes,0.3,929,Vermont,00,Other,VT,2024,VT00,5000
Robert J. Wittman,56.3,269657,Virginia,01,Republican,VA,2024,VA01,5101
Leslie Mehta,43.5,208445,Virginia,01,Democrat,VA,2024,VA01,5101
Other/Write-in votes,0.2,804,Virginia,01,Other,VA,2024,VA01,5101
Jennifer Kiggans,50.7,207368,Virginia,02,Republican,VA,2024,VA02,5102
Missy Cotter Smasal,46.9,191666,Virginia,02,Democrat,VA,2024,VA02,5102
Robert Reid,2.3,9197,Virginia,02,Independent,VA,2024,VA02,5102
Other/Write-in votes,0.1,471,Virginia,02,Other,VA,2024,VA02,5102
Robert C. Scott,70.0,219926,Virginia,03,Democrat,VA,2024,VA03,5103
John Sitka III,29.8,93801,Virginia,03,Republican,VA,2024,VA03,5103
Other/Write-in votes,0.2,670,Virginia,03,Other,VA,2024,VA03,5103
Jennifer McClellan,67.3,252885,Virginia,04,Democrat,VA,2024,VA04,5104
Bill Moher,32.4,121814,Virginia,04,Republican,VA,2024,VA04,5104
Other/Write-in votes,0.2,809,Virginia,04,Other,VA,2024,VA04,5104
John McGuire,57.3,249564,Virginia,05,Republican,VA,2024,VA05,5105
Gloria Tinsley Witt,42.3,184229,Virginia,05,Democrat,VA,2024,VA05,5105
Other/Write-in votes,0.5,2046,Virginia,05,Other,VA,2024,VA05,5105
Benjamin Lee Cline,63.1,256933,Virginia,06,Republican,VA,2024,VA06,5106
Ken Mitchell,34.8,141612,Virginia,06,Democrat,VA,2024,VA06,5106
Robert Wells Jr.,2.0,7980,Virginia,06,Independent,VA,2024,VA06,5106
Other/Write-in votes,0.1,510,Virginia,06,Other,VA,2024,VA06,5106
Eugene Vindman,51.2,203336,Virginia,07,Democrat,VA,2024,VA07,5107
Derrick Anderson,48.5,192847,Virginia,07,Republican,VA,2024,VA07,5107
Other/Write-in votes,0.3,1116,Virginia,07,Other,VA,2024,VA07,5107
Donald Sternoff Beyer Jr.,71.5,274593,Virginia,08,Democrat,VA,2024,VA08,5108
Jerry Torres,24.7,94676,Virginia,08,Republican,VA,2024,VA08,5108
David Kennedy,2.6,9956,Virginia,08,Independent,VA,2024,VA08,5108
Bentley Hensel,1.0,3656,Virginia,08,Independent,VA,2024,VA08,5108
Other/Write-in votes,0.3,1034,Virginia,08,Other,VA,2024,VA08,5108
H. Morgan Griffith,72.5,290645,Virginia,09,Republican,VA,2024,VA09,5109
Karen Baker,27.3,109570,Virginia,09,Democrat,VA,2024,VA09,5109
Other/Write-in votes,0.2,748,Virginia,09,Other,VA,2024,VA09,5109
Suhas Subramanyam,52.1,215131,Virginia,10,Democrat,VA,2024,VA10,5110
Mike Clancy,47.5,196343,Virginia,10,Republican,VA,2024,VA10,5110
Other/Write-in votes,0.4,1538,Virginia,10,Other,VA,2024,VA10,5110
Gerald Edward Connolly,66.7,273529,Virginia,11,Democrat,VA,2024,VA11,5111
Michael Van Meter,32.9,134802,Virginia,11,Republican,VA,2024,VA11,5111
Other/Write-in votes,0.5,1855,Virginia,11,Other,VA,2024,VA11,5111
Suzan DelBene,64.2,151574,Washington,01,Democrat,WA,2024,WA01,5301
Jeb Brewer,35.8,84392,Washington,01,Republican,WA,2024,WA01,5301
Rick Larsen,64.5,171764,Washington,02,Democrat,WA,2024,WA02,5302
Cody Hart,35.5,94513,Washington,02,Republican,WA,2024,WA02,5302
Marie Gluesenkamp Pérez,52.1,205425,Washington,03,Democrat,WA,2024,WA03,5303
Joe Kent,47.9,189085,Washington,03,Republican,WA,2024,WA03,5303
Dan Newhouse,53.0,137804,Washington,04,Republican,WA,2024,WA04,5304
Jerrod Sessler,47.0,122297,Washington,04,Republican,WA,2024,WA04,5304
Michael Baumgartner,59.9,164929,Washington,05,Republican,WA,2024,WA05,5305
Carmela Conroy,40.1,110433,Washington,05,Democrat,WA,2024,WA05,5305
Emily Randall,57.4,167827,Washington,06,Democrat,WA,2024,WA06,5306
Drew MacEwen,42.6,124717,Washington,06,Republican,WA,2024,WA06,5306
Pramila Jayapal,85.0,244150,Washington,07,Democrat,WA,2024,WA07,5307
Dan Alexander,15.0,42958,Washington,07,Republican,WA,2024,WA07,5307
Kim Schrier,54.2,176414,Washington,08,Democrat,WA,2024,WA08,5308
Carmen Goers,45.8,149061,Washington,08,Republican,WA,2024,WA08,5308
D. Adam Smith,70.5,127694,Washington,09,Democrat,WA,2024,WA09,5309
Melissa Chaudhry,29.5,53521,Washington,09,Democrat,WA,2024,WA09,5309
Marilyn Strickland,58.5,135982,Washington,10,Democrat,WA,2024,WA10,5310
Don Hewett,41.5,96481,Washington,10,Republican,WA,2024,WA10,5310
Carol Miller,70.3,182527,West Virginia,01,Republican,WV,2024,WV01,5401
Chris Reed,23.4,60896,West Virginia,01,Democrat,WV,2024,WV01,5401
Wes Holden,6.3,16316,West Virginia,01,Independent,WV,2024,WV01,5401
Jim Umberger,0.0,0,West Virginia,01,Independent,WV,2024,WV01,5401
A. Warden,0.0,0,West Virginia,01,Independent,WV,2024,WV01,5401
Riley Moore,70.9,239354,West Virginia,02,Republican,WV,2024,WV02,5402
Steven Wendelin,29.1,98087,West Virginia,02,Democrat,WV,2024,WV02,5402
Bryan Steil,54.0,212515,Wisconsin,01,Republican,WI,2024,WI01,5501
Peter Barca,43.8,172402,Wisconsin,01,Democrat,WI,2024,WI01,5501
Chester Todd Jr.,2.1,8191,Wisconsin,01,Green,WI,2024,WI01,5501
Other/Write-in votes,0.1,385,Wisconsin,01,Other,WI,2024,WI01,5501
Mark Pocan,70.1,320317,Wisconsin,02,Democrat,WI,2024,WI02,5502
Erik Olsen,29.8,136357,Wisconsin,02,Republican,WI,2024,WI02,5502
Other/Write-in votes,0.1,583,Wisconsin,02,Other,WI,2024,WI02,5502
Derrick Van Orden,51.3,212064,Wisconsin,03,Republican,WI,2024,WI03,5503
Rebecca Cooke,48.6,200808,Wisconsin,03,Democrat,WI,2024,WI03,5503
Other/Write-in votes,0.1,309,Wisconsin,03,Other,WI,2024,WI03,5503
Gwen Moore,74.8,249938,Wisconsin,04,Democrat,WI,2024,WI04,5504
Tim Rogers,22.4,74921,Wisconsin,04,Republican,WI,2024,WI04,5504
Robert Raymond,2.6,8792,Wisconsin,04,Independent,WI,2024,WI04,5504
Micah Leavitt,0.0,13,Wisconsin,04,Independent,WI,2024,WI04,5504
Other/Write-in votes,0.2,618,Wisconsin,04,Other,WI,2024,WI04,5504
Scott Fitzgerald,64.4,300521,Wisconsin,05,Republican,WI,2024,WI05,5505
Ben Steinhoff,35.5,165653,Wisconsin,05,Democrat,WI,2024,WI05,5505
Other/Write-in votes,0.1,508,Wisconsin,05,Other,WI,2024,WI05,5505
Glenn Grothman,61.2,251889,Wisconsin,06,Republican,WI,2024,WI06,5506
John Zarbano,38.7,159042,Wisconsin,06,Democrat,WI,2024,WI06,5506
Other/Write-in votes,0.1,418,Wisconsin,06,Other,WI,2024,WI06,5506
Tom Tiffany,63.6,273553,Wisconsin,07,Republican,WI,2024,WI07,5507
Kyle Kilbourn,36.4,156524,Wisconsin,07,Democrat,WI,2024,WI07,5507
Other/Write-in votes,0.1,307,Wisconsin,07,Other,WI,2024,WI07,5507
Tony Wied,57.3,240040,Wisconsin,08,Republican,WI,2024,WI08,5508
Kristin Lyerly,42.6,178666,Wisconsin,08,Democrat,WI,2024,WI08,5508
Other/Write-in votes,0.1,272,Wisconsin,08,Other,WI,2024,WI08,5508
Harriet Hageman,70.6,184680,Wyoming,00,Republican,WY,2024,WY00,5600
Kyle Cameron,23.2,60778,Wyoming,00,Democrat,WY,2024,WY00,5600
Richard Brubaker,3.5,9223,Wyoming,00,Libertarian,WY,2024,WY00,5600
Jeff Haggit,2.1,5362,Wyoming,00,Constitution,WY,2024,WY00,5600
Other/Write-in votes,0.6,1505,Wyoming,00,Other,WY,2024,WY00,5600
Sheila Cherfilus-McCormick,100.0,0,Florida,20,Democrat,FL,2024,FL20,1220
